,Unnamed: 0,Date,Time,Comp,Round,Day,Venue,Result,GF,GA,Opponent,xG,xGA,Poss,Attendance,Captain,Formation,Referee,Match Report,Notes,Sh,SoT,Dist,FK,PK,PKatt,Season,Team
190,0,2023-08-13,16:30,Premier League,Matchweek 1,Sun,Home,D,1,1,Liverpool,1.4,1.3,65.0,40096.0,Reece James,3-4-3,Anthony Taylor,Match Report,,10.0,4.0,13.2,1.0,0,0,2024,Chelsea
418,0,2023-08-12,15:00,Premier League,Matchweek 1,Sat,Home,D,1,1,West Ham,1.3,1.1,62.0,11245.0,Neto,4-2-3-1,Peter Bankes,Match Report,,14.0,5.0,20.7,1.0,0,0,2024,Bournemouth
532,0,2023-08-12,15:00,Premier League,Matchweek 1,Sat,Home,L,0,1,Fulham,2.7,1.5,42.0,39940.0,James Tarkowski,4-4-1-1,Stuart Attwell,Match Report,,19.0,9.0,15.8,0.0,0,0,2024,Everton
722,0,2023-08-12,15:00,Premier League,Matchweek 1,Sat,Home,L,0,1,Crystal Palace,0.5,1.9,32.0,31194.0,John Egan,3-4-3,John Brooks,Match Report,,8.0,1.0,19.4,0.0,0,0,2024,SheffieldUnited
38,1,2023-08-12,12:30,Premier League,Matchweek 1,Sat,Home,W,2,1,Nott'ham Forest,0.8,1.2,78.0,59984.0,Martin Ødegaard,4-3-3,Michael Oliver,Match Report,,15.0,7.0,19.1,0.0,0,0,2024,Arsenal
570,0,2023-08-13,14:00,Premier League,Matchweek 1,Sun,Home,D,2,2,Tottenham,2.2,1.3,31.0,17066.0,Christian Nørgaard,5-3-2,Robert Jones,Match Report,,10.0,5.0,18.0,0.0,1,1,2024,Brentford
266,0,2023-08-14,20:00,Premier League,Matchweek 1,Mon,Home,W,1,0,Wolves,2.2,2.2,51.0,73358.0,Bruno Fernandes,4-1-4-1,Simon Hooper,Match Report,,15.0,2.0,14.7,0.0,0,0,2024,ManchesterUnited
228,0,2023-08-12,17:30,Premier League,Matchweek 1,Sat,Home,W,5,1,Aston Villa,3.3,1.8,52.0,52207.0,Kieran Trippier,4-3-3,Andy Madley,Match Report,,17.0,12.0,13.2,0.0,0,0,2024,NewcastleUnited
380,0,2023-08-12,15:00,Premier League,Matchweek 1,Sat,Home,W,4,1,Luton Town,4.0,1.5,70.0,31872.0,Lewis Dunk,4-2-3-1,David Coote,Match Report,,26.0,11.0,17.0,0.0,1,1,2024,BrightonandHoveAlbion
684,0,2023-08-11,20:00,Premier League,Matchweek 1,Fri,Home,L,0,3,Manchester City,0.3,1.9,35.0,21572.0,Josh Cullen,5-4-1,Craig Pawson,Match Report,,6.0,1.0,14.9,0.0,0,0,2024,Burnley
47,14,2023-10-28,15:00,Premier League,Matchweek 10,Sat,Home,W,5,0,Sheffield Utd,2.8,0.0,67.0,60153.0,Bukayo Saka,4-3-3,Tim Robinson,Match Report,,12.0,6.0,17.0,0.0,1,1,2024,Arsenal
199,11,2023-10-28,12:30,Premier League,Matchweek 10,Sat,Home,L,0,2,Brentford,1.9,2.2,68.0,39575.0,Conor Gallagher,4-2-3-1,Simon Hooper,Match Report,,17.0,2.0,16.1,1.0,0,0,2024,Chelsea
313,13,2023-10-29,13:00,Premier League,Matchweek 10,Sun,Home,L,0,1,Everton,0.7,0.8,64.0,62469.0,Kurt Zouma,4-2-3-1,Stuart Attwell,Match Report,,12.0,2.0,17.3,0.0,0,0,2024,WestHamUnited
123,15,2023-10-29,14:00,Premier League,Matchweek 10,Sun,Home,W,3,1,Luton Town,2.3,0.5,70.0,41785.0,John McGinn,4-4-2,John Brooks,Match Report,,17.0,6.0,14.5,0.0,0,0,2024,AstonVilla
275,13,2023-10-29,15:30,Premier League,Matchweek 10,Sun,Home,L,0,3,Manchester City,0.9,4.0,40.0,73502.0,Bruno Fernandes,4-2-3-1,Paul Tierney,Match Report,,7.0,3.0,15.2,0.0,0,0,2024,ManchesterUnited
351,11,2023-10-27,20:00,Premier League,Matchweek 10,Fri,Home,L,1,2,Tottenham,0.6,1.1,25.0,25074.0,Joel Ward,4-2-3-1,Andy Madley,Match Report,,13.0,3.0,17.2,0.0,0,0,2024,CrystalPalace
389,13,2023-10-29,14:00,Premier League,Matchweek 10,Sun,Home,D,1,1,Fulham,1.4,0.7,71.0,31550.0,Lewis Dunk,3-4-3,Michael Salisbury,Match Report,,18.0,6.0,18.1,1.0,0,0,2024,BrightonandHoveAlbion
85,13,2023-10-29,14:00,Premier League,Matchweek 10,Sun,Home,W,3,0,Nott'ham Forest,3.2,0.4,72.0,50143.0,Virgil van Dijk,4-3-3,Chris Kavanagh,Match Report,,21.0,8.0,19.5,2.0,0,0,2024,Liverpool
503,11,2023-10-28,17:30,Premier League,Matchweek 10,Sat,Home,D,2,2,Newcastle Utd,0.9,2.2,43.0,31584.0,Max Kilman,4-4-2,Anthony Taylor,Match Report,,11.0,6.0,17.2,1.0,0,0,2024,WolverhamptonWanderers
427,11,2023-10-28,15:00,Premier League,Matchweek 10,Sat,Home,W,2,1,Burnley,1.1,0.8,45.0,11152.0,Lloyd Kelly,4-2-3-1,Samuel Barrott,Match Report,,13.0,6.0,19.5,2.0,0,0,2024,Bournemouth
732,11,2023-11-04,15:00,Premier League,Matchweek 11,Sat,Home,W,2,1,Wolves,1.0,1.2,39.0,29454.0,Oliver Norwood,3-4-1-2,Robert Jones,Match Report,,10.0,1.0,27.6,1.0,1,1,2024,SheffieldUnited
580,12,2023-11-04,15:00,Premier League,Matchweek 11,Sat,Home,W,3,2,West Ham,1.5,1.8,58.0,17103.0,Christian Nørgaard,4-3-3,Thomas Bramall,Match Report,,16.0,4.0,15.7,1.0,0,0,2024,Brentford
10,16,2023-11-04,15:00,Premier League,Matchweek 11,Sat,Home,W,6,1,Bournemouth,1.9,0.9,65.0,53358.0,Kyle Walker,3-4-3,Craig Pawson,Match Report,,21.0,8.0,16.4,0.0,0,0,2024,ManchesterCity
618,11,2023-11-05,14:00,Premier League,Matchweek 11,Sun,Home,W,2,0,Aston Villa,0.4,1.2,27.0,29313.0,Morgan Gibbs-White,4-3-3,Jarred Gillett,Match Report,,5.0,3.0,21.1,0.0,0,0,2024,NottinghamForest
542,13,2023-11-04,15:00,Premier League,Matchweek 11,Sat,Home,D,1,1,Brighton,0.7,0.5,21.0,38683.0,James Tarkowski,4-4-1-1,Tim Robinson,Match Report,,10.0,4.0,14.4,1.0,0,0,2024,Everton
656,12,2023-11-05,16:30,Premier League,Matchweek 11,Sun,Home,D,1,1,Liverpool,0.8,2.6,27.0,11049.0,Tom Lockyer,3-4-3,Andy Madley,Match Report,,8.0,5.0,17.9,0.0,0,0,2024,LutonTown
694,13,2023-11-04,15:00,Premier League,Matchweek 11,Sat,Home,L,0,2,Crystal Palace,1.1,1.3,67.0,21578.0,Josh Brownhill,4-4-2,Peter Bankes,Match Report,,17.0,5.0,13.3,0.0,0,0,2024,Burnley
238,15,2023-11-04,17:30,Premier League,Matchweek 11,Sat,Home,W,1,0,Arsenal,1.0,0.6,42.0,52194.0,Jamaal Lascelles,4-3-3,Stuart Attwell,Match Report,,9.0,1.0,18.6,0.0,0,0,2024,NewcastleUnited
466,13,2023-11-04,12:30,Premier League,Matchweek 11,Sat,Home,L,0,1,Manchester Utd,1.0,0.7,45.0,24415.0,Tim Ream,4-2-3-1,John Brooks,Match Report,,18.0,2.0,18.6,1.0,0,0,2024,Fulham
162,11,2023-11-06,20:00,Premier League,Matchweek 11,Mon,Home,L,1,4,Chelsea,0.9,4.1,40.0,61726.0,Son Heung-min,4-2-3-1,Michael Oliver,Match Report,,8.0,5.0,23.5,1.0,0,0,2024,TottenhamHotspur
49,18,2023-11-11,15:00,Premier League,Matchweek 12,Sat,Home,W,3,1,Burnley,1.8,0.3,63.0,60232.0,Jorginho,4-3-3,Michael Oliver,Match Report,,16.0,6.0,13.8,0.0,0,0,2024,Arsenal
429,14,2023-11-11,17:30,Premier League,Matchweek 12,Sat,Home,W,2,0,Newcastle Utd,2.4,0.5,48.0,11201.0,Neto,4-2-3-1,Chris Kavanagh,Match Report,,19.0,10.0,14.9,0.0,0,0,2024,Bournemouth
277,17,2023-11-11,15:00,Premier League,Matchweek 12,Sat,Home,W,1,0,Luton Town,2.2,0.4,64.0,73599.0,Bruno Fernandes,4-2-3-1,Graham Scott,Match Report,,15.0,4.0,14.0,1.0,0,0,2024,ManchesterUnited
87,17,2023-11-12,14:00,Premier League,Matchweek 12,Sun,Home,W,3,0,Brentford,1.7,1.6,58.0,50151.0,Virgil van Dijk,4-3-3,Paul Tierney,Match Report,,17.0,10.0,19.0,0.0,0,0,2024,Liverpool
505,13,2023-11-11,12:30,Premier League,Matchweek 12,Sat,Home,W,2,1,Tottenham,2.1,0.7,42.0,31642.0,Max Kilman,3-5-2,Tim Robinson,Match Report,,17.0,4.0,18.5,0.0,0,0,2024,WolverhamptonWanderers
125,18,2023-11-12,14:00,Premier League,Matchweek 12,Sun,Home,W,3,1,Fulham,3.0,0.9,51.0,41608.0,John McGinn,4-2-2-2,Simon Hooper,Match Report,,12.0,6.0,13.5,0.0,0,0,2024,AstonVilla
391,16,2023-11-12,14:00,Premier League,Matchweek 12,Sun,Home,D,1,1,Sheffield Utd,1.5,1.1,61.0,31367.0,Pascal Groß,4-2-3-1,John Brooks,Match Report,,11.0,6.0,16.5,0.0,0,0,2024,BrightonandHoveAlbion
201,14,2023-11-12,16:30,Premier League,Matchweek 12,Sun,Home,D,4,4,Manchester City,2.9,2.9,45.0,39532.0,Reece James,4-2-3-1,Anthony Taylor,Match Report,,16.0,8.0,19.1,1.0,1,1,2024,Chelsea
353,13,2023-11-11,15:00,Premier League,Matchweek 12,Sat,Home,L,2,3,Everton,2.2,1.5,67.0,25103.0,Joel Ward,4-2-3-1,Samuel Barrott,Match Report,,12.0,3.0,17.9,0.0,1,1,2024,CrystalPalace
315,17,2023-11-12,14:00,Premier League,Matchweek 12,Sun,Home,W,3,2,Nott'ham Forest,1.8,1.7,54.0,62470.0,Kurt Zouma,4-2-3-1,Michael Salisbury,Match Report,,16.0,6.0,18.0,1.0,0,0,2024,WestHamUnited
164,13,2023-11-26,14:00,Premier League,Matchweek 13,Sun,Home,L,1,2,Aston Villa,2.3,1.7,62.0,61679.0,Son Heung-min,4-2-3-1,Robert Jones,Match Report,,18.0,7.0,14.0,0.0,0,0,2024,TottenhamHotspur
620,13,2023-11-25,15:00,Premier League,Matchweek 13,Sat,Home,L,2,3,Brighton,1.9,1.3,47.0,29404.0,Morgan Gibbs-White,4-1-4-1,Anthony Taylor,Match Report,,17.0,4.0,14.7,0.0,1,1,2024,NottinghamForest
468,15,2023-11-27,20:00,Premier League,Matchweek 13,Mon,Home,W,3,2,Wolves,2.9,1.4,60.0,24366.0,Tom Cairney,4-2-3-1,Michael Salisbury,Match Report,,10.0,4.0,22.9,0.0,2,2,2024,Fulham
12,19,2023-11-25,12:30,Premier League,Matchweek 13,Sat,Home,D,1,1,Liverpool,1.3,0.6,59.0,53289.0,Kyle Walker,3-2-4-1,Chris Kavanagh,Match Report,,16.0,5.0,16.3,1.0,0,0,2024,ManchesterCity
240,18,2023-11-25,15:00,Premier League,Matchweek 13,Sat,Home,W,4,1,Chelsea,2.4,0.5,54.0,52227.0,Jamaal Lascelles,4-3-3,Simon Hooper,Match Report,,14.0,5.0,17.0,1.0,0,0,2024,NewcastleUnited
582,14,2023-11-25,17:30,Premier League,Matchweek 13,Sat,Home,L,0,1,Arsenal,1.1,1.6,37.0,17201.0,Christian Nørgaard,5-3-2,Tim Robinson,Match Report,,9.0,1.0,13.9,0.0,0,0,2024,Brentford
658,14,2023-11-25,15:00,Premier League,Matchweek 13,Sat,Home,W,2,1,Crystal Palace,0.9,1.6,39.0,11029.0,Tom Lockyer,3-4-3,Jarred Gillett,Match Report,,8.0,3.0,14.2,0.0,0,0,2024,LutonTown
696,15,2023-11-25,15:00,Premier League,Matchweek 13,Sat,Home,L,1,2,West Ham,1.3,0.9,50.0,21319.0,Josh Brownhill,4-4-2,Samuel Barrott,Match Report,,10.0,4.0,17.2,0.0,1,1,2024,Burnley
734,13,2023-11-25,15:00,Premier League,Matchweek 13,Sat,Home,L,1,3,Bournemouth,0.8,2.9,46.0,30208.0,Oliver Norwood,3-4-3,Andy Madley,Match Report,,10.0,2.0,14.9,0.0,0,0,2024,SheffieldUnited
544,15,2023-11-26,16:30,Premier League,Matchweek 13,Sun,Home,L,0,3,Manchester Utd,2.4,2.2,51.0,39257.0,James Tarkowski,4-4-1-1,John Brooks,Match Report,,24.0,6.0,16.9,0.0,0,0,2024,Everton
621,14,2023-12-02,17:30,Premier League,Matchweek 14,Sat,Home,L,0,1,Everton,0.7,0.7,61.0,29404.0,Ryan Yates,4-3-3,Paul Tierney,Match Report,,13.0,2.0,16.1,0.0,0,0,2024,NottinghamForest
317,20,2023-12-03,14:00,Premier League,Matchweek 14,Sun,Home,D,1,1,Crystal Palace,1.1,0.9,55.0,62414.0,Tomáš Souček,4-2-3-1,Michael Oliver,Match Report,,9.0,3.0,15.7,1.0,0,0,2024,WestHamUnited
431,16,2023-12-03,14:00,Premier League,Matchweek 14,Sun,Home,D,2,2,Aston Villa,2.0,0.7,38.0,11191.0,Neto,4-2-3-1,Thomas Bramall,Match Report,,15.0,7.0,13.6,0.0,0,0,2024,Bournemouth
51,21,2023-12-02,15:00,Premier League,Matchweek 14,Sat,Home,W,2,1,Wolves,2.8,0.7,57.0,60262.0,Martin Ødegaard,4-3-3,Peter Bankes,Match Report,,19.0,6.0,15.6,0.0,0,0,2024,Arsenal
13,21,2023-12-03,16:30,Premier League,Matchweek 14,Sun,Home,D,3,3,Tottenham,2.6,0.5,55.0,53473.0,Kyle Walker,3-2-4-1,Simon Hooper,Match Report,,17.0,4.0,13.4,0.0,0,0,2024,ManchesterCity
241,20,2023-12-02,20:00,Premier League,Matchweek 14,Sat,Home,W,1,0,Manchester Utd,2.4,0.5,58.0,52214.0,Jamaal Lascelles,4-3-3,Robert Jones,Match Report,,22.0,4.0,16.4,1.0,0,0,2024,NewcastleUnited
89,20,2023-12-03,14:00,Premier League,Matchweek 14,Sun,Home,W,4,3,Fulham,2.1,1.2,61.0,50124.0,Virgil van Dijk,4-3-3,Stuart Attwell,Match Report,,26.0,12.0,18.9,1.0,0,0,2024,Liverpool
583,15,2023-12-02,15:00,Premier League,Matchweek 14,Sat,Home,W,3,1,Luton Town,3.1,0.2,68.0,17075.0,Christian Nørgaard,4-3-3,Anthony Taylor,Match Report,,27.0,6.0,15.4,0.0,0,0,2024,Brentford
697,16,2023-12-02,15:00,Premier League,Matchweek 14,Sat,Home,W,5,0,Sheffield Utd,1.8,0.4,63.0,21478.0,Josh Brownhill,4-4-2,Chris Kavanagh,Match Report,,19.0,7.0,15.9,0.0,0,0,2024,Burnley
203,16,2023-12-03,14:00,Premier League,Matchweek 14,Sun,Home,W,3,2,Brighton,2.1,1.1,32.0,39647.0,Conor Gallagher,4-2-3-1,Craig Pawson,Match Report,,7.0,3.0,19.6,0.0,1,1,2024,Chelsea
356,16,2023-12-06,19:30,Premier League,Matchweek 15,Wed,Home,L,0,2,Bournemouth,1.0,1.8,59.0,25078.0,Joel Ward,4-2-3-1,Craig Pawson,Match Report,,16.0,3.0,18.9,1.0,0,0,2024,CrystalPalace
546,17,2023-12-07,19:30,Premier League,Matchweek 15,Thu,Home,W,3,0,Newcastle Utd,3.3,1.5,38.0,38198.0,Séamus Coleman,4-4-1-1,Tim Robinson,Match Report,,21.0,6.0,13.3,0.0,0,0,2024,Everton
394,20,2023-12-06,19:30,Premier League,Matchweek 15,Wed,Home,W,2,1,Brentford,1.5,1.5,61.0,31571.0,Pascal Groß,4-2-3-1,Peter Bankes,Match Report,,18.0,7.0,16.1,0.0,0,0,2024,BrightonandHoveAlbion
660,16,2023-12-05,20:15,Premier League,Matchweek 15,Tue,Home,L,3,4,Arsenal,0.5,2.2,34.0,11031.0,Pelly Ruddock Mpanzu,3-4-3,Samuel Barrott,Match Report,,6.0,4.0,18.8,0.0,0,0,2024,LutonTown
736,15,2023-12-06,19:30,Premier League,Matchweek 15,Wed,Home,L,0,2,Liverpool,1.0,1.7,25.0,31406.0,Anel Ahmedhodžić,3-4-3,Simon Hooper,Match Report,,6.0,1.0,14.6,1.0,0,0,2024,SheffieldUnited
508,16,2023-12-05,19:30,Premier League,Matchweek 15,Tue,Home,W,1,0,Burnley,0.8,0.9,51.0,30439.0,Max Kilman,3-4-3,Jarred Gillett,Match Report,,7.0,4.0,15.8,1.0,0,0,2024,WolverhamptonWanderers
470,17,2023-12-06,19:30,Premier League,Matchweek 15,Wed,Home,W,5,0,Nott'ham Forest,2.5,0.3,63.0,24105.0,Tom Cairney,4-2-3-1,Joshua Smith,Match Report,,14.0,6.0,17.3,1.0,0,0,2024,Fulham
280,21,2023-12-06,20:15,Premier League,Matchweek 15,Wed,Home,W,2,1,Chelsea,4.1,1.5,45.0,73607.0,Bruno Fernandes,4-2-3-1,Chris Kavanagh,Match Report,,27.0,8.0,15.4,1.0,0,1,2024,ManchesterUnited
166,15,2023-12-07,20:15,Premier League,Matchweek 15,Thu,Home,L,1,2,West Ham,1.8,2.2,74.0,61171.0,Son Heung-min,4-2-3-1,Michael Salisbury,Match Report,,23.0,6.0,17.1,1.0,0,0,2024,TottenhamHotspur
128,22,2023-12-06,20:15,Premier League,Matchweek 15,Wed,Home,W,1,0,Manchester City,2.3,0.6,46.0,41421.0,John McGinn,4-4-1-1,John Brooks,Match Report,,22.0,7.0,18.9,0.0,0,0,2024,AstonVilla
281,22,2023-12-09,15:00,Premier League,Matchweek 16,Sat,Home,L,0,3,Bournemouth,1.1,1.5,68.0,73427.0,Bruno Fernandes,4-2-3-1,Peter Bankes,Match Report,,20.0,3.0,15.4,0.0,0,0,2024,ManchesterUnited
357,17,2023-12-09,12:30,Premier League,Matchweek 16,Sat,Home,L,1,2,Liverpool,1.7,1.2,24.0,25103.0,Joel Ward,4-3-3,Andy Madley,Match Report,,7.0,3.0,17.4,0.0,1,1,2024,CrystalPalace
129,23,2023-12-09,17:30,Premier League,Matchweek 16,Sat,Home,W,1,0,Arsenal,0.6,1.4,39.0,42000.0,John McGinn,4-4-1-1,Jarred Gillett,Match Report,,10.0,3.0,20.8,1.0,0,0,2024,AstonVilla
737,16,2023-12-09,15:00,Premier League,Matchweek 16,Sat,Home,W,1,0,Brentford,0.8,0.6,41.0,28509.0,Anel Ahmedhodžić,4-1-4-1,Stuart Attwell,Match Report,,9.0,4.0,21.7,0.0,0,0,2024,SheffieldUnited
471,18,2023-12-10,14:00,Premier League,Matchweek 16,Sun,Home,W,5,0,West Ham,2.3,1.3,63.0,23988.0,Tom Cairney,4-2-3-1,Paul Tierney,Match Report,,14.0,8.0,17.7,0.0,0,0,2024,Fulham
395,21,2023-12-09,15:00,Premier League,Matchweek 16,Sat,Home,D,1,1,Burnley,2.6,0.6,72.0,31511.0,Lewis Dunk,4-2-3-1,Simon Hooper,Match Report,,29.0,11.0,14.2,2.0,0,0,2024,BrightonandHoveAlbion
661,17,2023-12-10,14:00,Premier League,Matchweek 16,Sun,Home,L,1,2,Manchester City,0.3,1.6,35.0,11047.0,Tom Lockyer,3-4-3,Tim Robinson,Match Report,,4.0,2.0,19.2,0.0,0,0,2024,LutonTown
509,17,2023-12-09,15:00,Premier League,Matchweek 16,Sat,Home,D,1,1,Nott'ham Forest,1.2,1.3,68.0,31543.0,Max Kilman,3-4-3,Samuel Barrott,Match Report,,10.0,4.0,15.2,0.0,0,0,2024,WolverhamptonWanderers
547,18,2023-12-10,14:00,Premier League,Matchweek 16,Sun,Home,W,2,0,Chelsea,1.2,0.9,29.0,39280.0,James Tarkowski,4-4-1-1,Michael Oliver,Match Report,,9.0,5.0,16.4,0.0,0,0,2024,Everton
167,16,2023-12-10,16:30,Premier League,Matchweek 16,Sun,Home,W,4,1,Newcastle Utd,3.8,1.7,56.0,61171.0,Son Heung-min,4-2-3-1,Chris Kavanagh,Match Report,,22.0,10.0,15.5,0.0,1,1,2024,TottenhamHotspur
700,19,2023-12-16,17:30,Premier League,Matchweek 17,Sat,Home,L,0,2,Everton,0.7,1.4,61.0,21413.0,Josh Brownhill,4-4-2,Anthony Taylor,Match Report,,14.0,2.0,18.8,1.0,0,0,2024,Burnley
244,24,2023-12-16,15:00,Premier League,Matchweek 17,Sat,Home,W,3,0,Fulham,3.5,0.3,70.0,52055.0,Jamaal Lascelles,4-3-3,Samuel Barrott,Match Report,,27.0,10.0,14.4,0.0,0,0,2024,NewcastleUnited
206,19,2023-12-16,15:00,Premier League,Matchweek 17,Sat,Home,W,2,0,Sheffield Utd,3.1,0.4,78.0,39599.0,Conor Gallagher,4-2-3-1,Andy Madley,Match Report,,15.0,6.0,17.2,1.0,0,0,2024,Chelsea
320,24,2023-12-17,14:00,Premier League,Matchweek 17,Sun,Home,W,3,0,Wolves,1.1,0.7,45.0,62455.0,Kurt Zouma,4-2-3-1,Chris Kavanagh,Match Report,,13.0,4.0,19.8,2.0,0,0,2024,WestHamUnited
624,17,2023-12-15,20:00,Premier League,Matchweek 17,Fri,Home,L,0,2,Tottenham,1.3,1.5,34.0,29296.0,Ryan Yates,3-5-2,Jarred Gillett,Match Report,,15.0,1.0,16.1,0.0,0,0,2024,NottinghamForest
445,33,2024-03-13,19:30,Premier League,Matchweek 17,Wed,Home,W,4,3,Luton Town,2.3,2.0,59.0,11198.0,Neto,4-2-3-1,Samuel Allison,Match Report,,24.0,9.0,15.5,0.0,0,0,2024,Bournemouth
586,18,2023-12-17,14:00,Premier League,Matchweek 17,Sun,Home,L,1,2,Aston Villa,0.5,1.4,34.0,17034.0,Christian Nørgaard,3-5-2,David Coote,Match Report,,4.0,3.0,13.3,0.0,0,0,2024,Brentford
54,25,2023-12-17,14:00,Premier League,Matchweek 17,Sun,Home,W,2,0,Brighton,2.3,0.7,49.0,60257.0,Martin Ødegaard,4-3-3,Tim Robinson,Match Report,,26.0,8.0,14.2,0.0,0,0,2024,Arsenal
16,25,2023-12-16,15:00,Premier League,Matchweek 17,Sat,Home,D,2,2,Crystal Palace,1.6,1.8,74.0,53248.0,Kyle Walker,4-2-3-1,Paul Tierney,Match Report,,19.0,9.0,18.2,0.0,0,0,2024,ManchesterCity
92,24,2023-12-17,16:30,Premier League,Matchweek 17,Sun,Home,D,0,0,Manchester Utd,2.3,0.8,68.0,57158.0,Virgil van Dijk,4-3-3,Michael Oliver,Match Report,,34.0,8.0,17.7,0.0,0,0,2024,Liverpool
24,36,2024-02-20,19:30,Premier League,Matchweek 18,Tue,Home,W,1,0,Brentford,2.3,0.4,70.0,52247.0,Kyle Walker,4-2-3-1,Darren England,Match Report,,25.0,10.0,17.6,0.0,0,0,2024,ManchesterCity
662,18,2023-12-23,15:00,Premier League,Matchweek 18,Sat,Home,W,1,0,Newcastle Utd,1.4,1.4,35.0,11042.0,Amari'i Bell,3-4-3,Darren England,Match Report,,16.0,5.0,19.4,0.0,0,0,2024,LutonTown
93,26,2023-12-23,17:30,Premier League,Matchweek 18,Sat,Home,D,1,1,Arsenal,1.0,0.7,52.0,57548.0,Virgil van Dijk,4-3-3,Chris Kavanagh,Match Report,,13.0,3.0,20.1,1.0,0,0,2024,Liverpool
359,19,2023-12-21,20:00,Premier League,Matchweek 18,Thu,Home,D,1,1,Brighton,1.3,1.2,35.0,24171.0,Marc Guéhi,4-3-3,John Brooks,Match Report,,11.0,3.0,13.4,0.0,0,0,2024,CrystalPalace
131,26,2023-12-22,20:00,Premier League,Matchweek 18,Fri,Home,D,1,1,Sheffield Utd,0.9,0.6,77.0,41651.0,John McGinn,4-4-1-1,Anthony Taylor,Match Report,,12.0,4.0,17.5,0.0,0,0,2024,AstonVilla
321,26,2023-12-23,12:30,Premier League,Matchweek 18,Sat,Home,W,2,0,Manchester Utd,1.2,1.0,35.0,64472.0,Kurt Zouma,4-2-3-1,Simon Hooper,Match Report,,12.0,5.0,13.8,0.0,0,0,2024,WestHamUnited
169,18,2023-12-23,15:00,Premier League,Matchweek 18,Sat,Home,W,2,1,Everton,1.5,1.8,61.0,61808.0,Son Heung-min,4-2-3-1,Stuart Attwell,Match Report,,13.0,6.0,15.1,0.0,0,0,2024,TottenhamHotspur
511,19,2023-12-24,13:00,Premier League,Matchweek 18,Sun,Home,W,2,1,Chelsea,1.3,2.0,32.0,31641.0,Max Kilman,3-4-3,David Coote,Match Report,,14.0,6.0,16.7,1.0,0,0,2024,WolverhamptonWanderers
625,18,2023-12-23,15:00,Premier League,Matchweek 18,Sat,Home,L,2,3,Bournemouth,1.0,1.6,34.0,29188.0,Ryan Yates,4-2-3-1,Robert Jones,Match Report,,11.0,4.0,14.5,0.0,0,0,2024,NottinghamForest
473,21,2023-12-23,15:00,Premier League,Matchweek 18,Sat,Home,L,0,2,Burnley,1.3,0.4,66.0,23598.0,Tom Cairney,4-2-3-1,Rebecca Welch,Match Report,,19.0,5.0,16.3,1.0,0,0,2024,Fulham
702,21,2023-12-26,17:30,Premier League,Matchweek 19,Tue,Home,L,0,2,Liverpool,0.8,1.8,32.0,21624.0,Josh Brownhill,4-4-2,Paul Tierney,Match Report,,9.0,0.0,16.7,0.0,0,0,2024,Burnley
587,19,2023-12-27,19:30,Premier League,Matchweek 19,Wed,Home,L,1,4,Wolves,2.2,2.4,60.0,17109.0,Christian Nørgaard,4-3-3,Andy Madley,Match Report,,14.0,4.0,13.8,0.0,0,0,2024,Brentford
246,27,2023-12-26,12:30,Premier League,Matchweek 19,Tue,Home,L,1,3,Nott'ham Forest,2.4,3.5,62.0,52207.0,Kieran Trippier,4-3-3,Chris Kavanagh,Match Report,,18.0,5.0,15.1,1.0,1,1,2024,NewcastleUnited
208,22,2023-12-27,19:30,Premier League,Matchweek 19,Wed,Home,W,2,1,Crystal Palace,2.6,1.1,63.0,39618.0,Conor Gallagher,4-2-3-1,Michael Salisbury,Match Report,,8.0,2.0,15.3,0.0,1,1,2024,Chelsea
550,22,2023-12-27,20:15,Premier League,Matchweek 19,Wed,Home,L,1,3,Manchester City,1.0,2.4,28.0,39327.0,James Tarkowski,4-2-3-1,John Brooks,Match Report,,7.0,2.0,12.5,0.0,0,0,2024,Everton
284,26,2023-12-26,20:00,Premier League,Matchweek 19,Tue,Home,W,3,2,Aston Villa,1.1,1.7,46.0,73574.0,Bruno Fernandes,4-2-3-1,Craig Pawson,Match Report,,13.0,7.0,18.0,1.0,0,0,2024,ManchesterUnited
435,20,2023-12-26,15:00,Premier League,Matchweek 19,Tue,Home,W,3,0,Fulham,1.8,0.3,43.0,11099.0,Neto,4-2-3-1,Tim Robinson,Match Report,,15.0,3.0,18.5,0.0,1,1,2024,Bournemouth
398,25,2023-12-28,19:30,Premier League,Matchweek 19,Thu,Home,W,4,2,Tottenham,3.2,2.3,45.0,31675.0,Lewis Dunk,4-1-2-1-2◆,Jarred Gillett,Match Report,,13.0,7.0,15.2,0.0,2,2,2024,BrightonandHoveAlbion
56,27,2023-12-28,20:15,Premier League,Matchweek 19,Thu,Home,L,0,2,West Ham,2.7,1.4,73.0,60261.0,Martin Ødegaard,4-3-3,Michael Oliver,Match Report,,30.0,8.0,16.8,0.0,0,0,2024,Arsenal
740,19,2023-12-26,15:00,Premier League,Matchweek 19,Tue,Home,L,2,3,Luton Town,2.4,0.6,51.0,31041.0,Anel Ahmedhodžić,4-4-2,Samuel Allison,Match Report,,21.0,4.0,16.3,1.0,0,0,2024,SheffieldUnited
609,1,2023-08-18,19:45,Premier League,Matchweek 2,Fri,Home,W,2,1,Sheffield Utd,1.4,0.5,50.0,29432.0,Joe Worrall,3-4-3,Peter Bankes,Match Report,,16.0,4.0,15.6,0.0,0,0,2024,NottinghamForest
652,8,2023-10-03,19:30,Premier League,Matchweek 2,Tue,Home,L,1,2,Burnley,1.3,1.1,49.0,10918.0,Tom Lockyer,3-4-3,Peter Bankes,Match Report,,18.0,2.0,13.1,0.0,0,0,2024,LutonTown
457,1,2023-08-19,15:00,Premier League,Matchweek 2,Sat,Home,L,0,3,Brentford,0.5,3.7,55.0,24236.0,Tim Ream,4-3-3,Darren Bond,Match Report,,10.0,2.0,22.3,1.0,0,0,2024,Fulham
305,1,2023-08-20,16:30,Premier League,Matchweek 2,Sun,Home,W,3,1,Chelsea,1.8,2.5,25.0,62451.0,Kurt Zouma,4-2-3-1,John Brooks,Match Report,,11.0,5.0,19.6,0.0,1,1,2024,WestHamUnited
343,1,2023-08-21,20:00,Premier League,Matchweek 2,Mon,Home,L,0,1,Arsenal,1.0,2.0,47.0,24189.0,Joel Ward,4-2-3-1,David Coote,Match Report,,14.0,2.0,16.4,1.0,0,0,2024,CrystalPalace
495,1,2023-08-19,15:00,Premier League,Matchweek 2,Sat,Home,L,1,4,Brighton,2.1,2.2,47.0,31317.0,Max Kilman,4-4-1-1,Andy Madley,Match Report,,16.0,5.0,16.1,0.0,0,0,2024,WolverhamptonWanderers
115,1,2023-08-20,14:00,Premier League,Matchweek 2,Sun,Home,W,4,0,Everton,2.9,0.6,60.0,41694.0,John McGinn,4-2-3-1,Anthony Taylor,Match Report,,12.0,6.0,18.5,0.0,1,1,2024,AstonVilla
77,1,2023-08-19,15:00,Premier League,Matchweek 2,Sat,Home,W,3,1,Bournemouth,3.0,1.3,64.0,53145.0,Virgil van Dijk,4-3-3,Thomas Bramall,Match Report,,25.0,9.0,16.8,1.0,0,1,2024,Liverpool
153,1,2023-08-19,17:30,Premier League,Matchweek 2,Sat,Home,W,2,0,Manchester Utd,1.7,2.1,55.0,61910.0,Son Heung-min,4-2-3-1,Michael Oliver,Match Report,,17.0,6.0,13.8,0.0,0,0,2024,TottenhamHotspur
1,3,2023-08-19,20:00,Premier League,Matchweek 2,Sat,Home,W,1,0,Newcastle Utd,1.0,0.3,59.0,53419.0,Kyle Walker,4-2-3-1,Robert Jones,Match Report,,14.0,4.0,17.9,0.0,0,0,2024,ManchesterCity
133,28,2023-12-30,15:00,Premier League,Matchweek 20,Sat,Home,W,3,2,Burnley,3.2,1.2,64.0,41613.0,John McGinn,4-4-1-1,Stuart Attwell,Match Report,,18.0,6.0,16.9,1.0,1,1,2024,AstonVilla
171,20,2023-12-31,14:00,Premier League,Matchweek 20,Sun,Home,W,3,1,Bournemouth,2.3,1.7,50.0,61780.0,Son Heung-min,4-3-3,Simon Hooper,Match Report,,12.0,6.0,14.7,0.0,0,0,2024,TottenhamHotspur
323,28,2024-01-02,19:30,Premier League,Matchweek 20,Tue,Home,D,0,0,Brighton,0.7,2.3,32.0,62462.0,Angelo Ogbonna,4-2-3-1,Samuel Barrott,Match Report,,6.0,2.0,16.0,0.0,0,0,2024,WestHamUnited
664,20,2023-12-30,12:30,Premier League,Matchweek 20,Sat,Home,L,2,3,Chelsea,2.3,1.5,52.0,11041.0,Amari'i Bell,3-4-3,Paul Tierney,Match Report,,15.0,6.0,11.6,1.0,0,0,2024,LutonTown
95,28,2024-01-01,20:00,Premier League,Matchweek 20,Mon,Home,W,4,2,Newcastle Utd,7.0,0.6,61.0,57471.0,Virgil van Dijk,4-3-3,Anthony Taylor,Match Report,,32.0,12.0,16.2,0.0,1,2,2024,Liverpool
513,21,2023-12-30,15:00,Premier League,Matchweek 20,Sat,Home,W,3,0,Everton,1.9,0.4,53.0,31639.0,Max Kilman,3-4-3,Thomas Bramall,Match Report,,12.0,6.0,13.4,0.0,0,0,2024,WolverhamptonWanderers
18,27,2023-12-30,15:00,Premier League,Matchweek 20,Sat,Home,W,2,0,Sheffield Utd,2.2,0.3,80.0,53108.0,Kyle Walker,4-2-3-1,David Coote,Match Report,,18.0,4.0,17.4,0.0,0,0,2024,ManchesterCity
361,21,2023-12-30,15:00,Premier League,Matchweek 20,Sat,Home,W,3,1,Brentford,1.0,1.4,46.0,25472.0,Marc Guéhi,4-3-3,Robert Jones,Match Report,,13.0,6.0,16.2,0.0,0,0,2024,CrystalPalace
627,20,2023-12-30,17:30,Premier League,Matchweek 20,Sat,Home,W,2,1,Manchester Utd,0.7,0.8,44.0,29529.0,Ryan Yates,4-2-3-1,Tim Robinson,Match Report,,8.0,2.0,18.3,0.0,0,0,2024,NottinghamForest
475,23,2023-12-31,14:00,Premier League,Matchweek 20,Sun,Home,W,2,1,Arsenal,1.2,1.6,40.0,24444.0,Tom Cairney,4-2-3-1,Joshua Smith,Match Report,,15.0,4.0,18.2,1.0,0,0,2024,Fulham
437,23,2024-01-21,16:30,Premier League,Matchweek 21,Sun,Home,L,0,4,Liverpool,1.4,1.5,40.0,11228.0,Neto,4-2-3-1,Andy Madley,Match Report,,11.0,1.0,19.8,0.0,0,0,2024,Bournemouth
58,30,2024-01-20,12:30,Premier League,Matchweek 21,Sat,Home,W,5,0,Crystal Palace,3.3,0.3,60.0,60284.0,Martin Ødegaard,4-3-3,Paul Tierney,Match Report,,21.0,7.0,16.7,0.0,0,0,2024,Arsenal
704,24,2024-01-12,19:45,Premier League,Matchweek 21,Fri,Home,D,1,1,Luton Town,1.1,0.9,39.0,20155.0,Josh Brownhill,4-4-2,Tony Harrington,Match Report,,13.0,7.0,18.8,1.0,0,0,2024,Burnley
552,25,2024-01-14,14:00,Premier League,Matchweek 21,Sun,Home,D,0,0,Aston Villa,1.1,1.2,32.0,39284.0,Séamus Coleman,4-2-3-1,David Coote,Match Report,,10.0,2.0,17.2,1.0,0,0,2024,Everton
742,22,2024-01-21,14:00,Premier League,Matchweek 21,Sun,Home,D,2,2,West Ham,2.5,2.3,57.0,29164.0,Anel Ahmedhodžić,4-1-4-1,Michael Salisbury,Match Report,,20.0,5.0,18.5,1.0,1,1,2024,SheffieldUnited
286,29,2024-01-14,16:30,Premier League,Matchweek 21,Sun,Home,D,2,2,Tottenham,0.8,1.2,37.0,73489.0,Bruno Fernandes,4-2-3-1,John Brooks,Match Report,,9.0,2.0,14.5,1.0,0,0,2024,ManchesterUnited
400,28,2024-01-22,19:45,Premier League,Matchweek 21,Mon,Home,D,0,0,Wolves,1.0,1.1,72.0,41505.0,Lewis Dunk,4-3-3,Craig Pawson,Match Report,,11.0,3.0,14.2,0.0,0,0,2024,BrightonandHoveAlbion
210,26,2024-01-13,12:30,Premier League,Matchweek 21,Sat,Home,W,1,0,Fulham,2.2,0.8,55.0,39643.0,Conor Gallagher,4-2-3-1,Anthony Taylor,Match Report,,16.0,2.0,17.5,0.0,1,1,2024,Chelsea
589,23,2024-01-20,17:30,Premier League,Matchweek 21,Sat,Home,W,3,2,Nott'ham Forest,1.2,1.2,48.0,17077.0,Ivan Toney,3-5-2,Darren England,Match Report,,11.0,5.0,14.8,1.0,0,0,2024,Brentford
248,30,2024-01-13,17:30,Premier League,Matchweek 21,Sat,Home,L,2,3,Manchester City,1.3,3.0,28.0,52190.0,Kieran Trippier,4-3-3,Chris Kavanagh,Match Report,,12.0,5.0,14.7,0.0,0,0,2024,NewcastleUnited
20,31,2024-01-31,19:30,Premier League,Matchweek 22,Wed,Home,W,3,1,Burnley,1.7,1.4,74.0,52143.0,Kevin De Bruyne,4-2-3-1,Samuel Barrott,Match Report,,14.0,4.0,15.8,1.0,0,0,2024,ManchesterCity
666,25,2024-01-30,19:45,Premier League,Matchweek 22,Tue,Home,W,4,0,Brighton,3.1,0.9,41.0,10994.0,Carlton Morris,3-4-3,Robert Jones,Match Report,,18.0,8.0,13.8,1.0,0,0,2024,LutonTown
515,26,2024-02-01,20:15,Premier League,Matchweek 22,Thu,Home,L,3,4,Manchester Utd,2.1,3.3,53.0,31641.0,Max Kilman,3-4-3,Jarred Gillett,Match Report,,15.0,5.0,16.6,1.0,1,1,2024,WolverhamptonWanderers
97,34,2024-01-31,20:15,Premier League,Matchweek 22,Wed,Home,W,4,1,Chelsea,2.9,0.6,50.0,57524.0,Virgil van Dijk,4-3-3,Paul Tierney,Match Report,,27.0,13.0,19.9,2.0,0,1,2024,Liverpool
325,32,2024-02-01,19:30,Premier League,Matchweek 22,Thu,Home,D,1,1,Bournemouth,1.4,1.2,48.0,62478.0,Kurt Zouma,4-3-2-1,Tim Robinson,Match Report,,8.0,2.0,17.1,0.0,1,1,2024,WestHamUnited
173,24,2024-01-31,19:30,Premier League,Matchweek 22,Wed,Home,W,3,2,Brentford,2.9,1.6,67.0,61210.0,Cristian Romero,4-2-3-1,David Coote,Match Report,,19.0,5.0,14.3,0.0,0,0,2024,TottenhamHotspur
629,25,2024-01-30,19:30,Premier League,Matchweek 22,Tue,Home,L,1,2,Arsenal,0.5,1.2,27.0,29387.0,Morgan Gibbs-White,4-2-3-1,Simon Hooper,Match Report,,9.0,3.0,18.7,0.0,0,0,2024,NottinghamForest
363,25,2024-01-30,20:00,Premier League,Matchweek 22,Tue,Home,W,3,2,Sheffield Utd,1.1,0.8,53.0,24781.0,Marc Guéhi,4-3-3,Tony Harrington,Match Report,,12.0,4.0,17.1,0.0,0,0,2024,CrystalPalace
135,32,2024-01-30,20:15,Premier League,Matchweek 22,Tue,Home,L,1,3,Newcastle Utd,1.4,2.6,61.0,42191.0,John McGinn,4-4-2,John Brooks,Match Report,,12.0,5.0,14.3,0.0,0,0,2024,AstonVilla
477,29,2024-01-30,19:45,Premier League,Matchweek 22,Tue,Home,D,0,0,Everton,1.6,1.9,70.0,24376.0,Tom Cairney,4-2-3-1,Thomas Bramall,Match Report,,25.0,5.0,17.3,0.0,0,0,2024,Fulham
212,30,2024-02-04,14:00,Premier League,Matchweek 23,Sun,Home,L,2,4,Wolves,1.7,2.0,64.0,39628.0,Ben Chilwell,4-2-3-1,Tim Robinson,Match Report,,15.0,4.0,14.5,0.0,0,0,2024,Chelsea
744,25,2024-02-03,17:30,Premier League,Matchweek 23,Sat,Home,L,0,5,Aston Villa,1.4,2.2,37.0,30187.0,Anel Ahmedhodžić,5-4-1,Paul Tierney,Match Report,,10.0,4.0,10.0,0.0,0,0,2024,SheffieldUnited
402,31,2024-02-03,15:00,Premier League,Matchweek 23,Sat,Home,W,4,1,Crystal Palace,1.4,0.3,68.0,31345.0,Lewis Dunk,3-4-3,Simon Hooper,Match Report,,13.0,6.0,16.7,0.0,0,0,2024,BrightonandHoveAlbion
706,26,2024-02-03,15:00,Premier League,Matchweek 23,Sat,Home,D,2,2,Fulham,1.8,1.5,44.0,20203.0,Josh Brownhill,4-4-2,Darren Bond,Match Report,,12.0,4.0,15.4,0.0,0,0,2024,Burnley
554,29,2024-02-03,12:30,Premier League,Matchweek 23,Sat,Home,D,2,2,Tottenham,2.6,1.0,43.0,39321.0,James Tarkowski,4-4-1-1,Michael Oliver,Match Report,,14.0,4.0,14.3,0.0,0,0,2024,Everton
439,26,2024-02-04,14:00,Premier League,Matchweek 23,Sun,Home,D,1,1,Nott'ham Forest,1.3,0.5,45.0,11200.0,Neto,4-2-3-1,Rebecca Welch,Match Report,,9.0,1.0,16.7,1.0,0,0,2024,Bournemouth
250,33,2024-02-03,15:00,Premier League,Matchweek 23,Sat,Home,D,4,4,Luton Town,2.3,2.4,55.0,52211.0,Kieran Trippier,4-3-3,Thomas Bramall,Match Report,,19.0,6.0,16.3,0.0,0,0,2024,NewcastleUnited
288,32,2024-02-04,14:00,Premier League,Matchweek 23,Sun,Home,W,3,0,West Ham,0.7,1.4,51.0,73612.0,Bruno Fernandes,4-2-3-1,Andy Madley,Match Report,,12.0,5.0,20.4,0.0,0,0,2024,ManchesterUnited
60,32,2024-02-04,16:30,Premier League,Matchweek 23,Sun,Home,W,3,1,Liverpool,3.5,0.4,43.0,60374.0,Martin Ødegaard,4-3-3,Anthony Taylor,Match Report,,15.0,7.0,14.2,0.0,0,0,2024,Arsenal
591,25,2024-02-05,20:00,Premier League,Matchweek 23,Mon,Home,L,1,3,Manchester City,1.0,2.1,28.0,17096.0,Christian Nørgaard,3-5-2,Jarred Gillett,Match Report,,9.0,2.0,15.3,0.0,0,0,2024,Brentford
479,31,2024-02-10,15:00,Premier League,Matchweek 24,Sat,Home,W,3,1,Bournemouth,1.6,1.8,49.0,24271.0,Tom Cairney,4-2-3-1,Darren England,Match Report,,7.0,6.0,11.4,0.0,0,0,2024,Fulham
327,34,2024-02-11,14:00,Premier League,Matchweek 24,Sun,Home,L,0,6,Arsenal,0.2,3.6,30.0,62475.0,Kurt Zouma,4-2-3-1,Craig Pawson,Match Report,,5.0,1.0,19.9,0.0,0,0,2024,WestHamUnited
668,27,2024-02-10,15:00,Premier League,Matchweek 24,Sat,Home,L,1,3,Sheffield Utd,1.8,1.7,74.0,11138.0,Carlton Morris,3-4-3,Chris Kavanagh,Match Report,,19.0,4.0,17.3,0.0,1,1,2024,LutonTown
137,35,2024-02-11,16:30,Premier League,Matchweek 24,Sun,Home,L,1,2,Manchester Utd,2.4,1.8,56.0,42185.0,John McGinn,4-2-3-1,Robert Jones,Match Report,,23.0,9.0,16.7,1.0,0,0,2024,AstonVilla
631,28,2024-02-10,17:30,Premier League,Matchweek 24,Sat,Home,L,2,3,Newcastle Utd,1.5,0.5,39.0,29451.0,Ryan Yates,4-2-3-1,Anthony Taylor,Match Report,,13.0,3.0,21.8,0.0,0,0,2024,NottinghamForest
22,33,2024-02-10,12:30,Premier League,Matchweek 24,Sat,Home,W,2,0,Everton,1.6,0.3,72.0,52187.0,Rúben Dias,4-1-4-1,John Brooks,Match Report,,19.0,3.0,17.4,0.0,0,0,2024,ManchesterCity
517,28,2024-02-10,15:00,Premier League,Matchweek 24,Sat,Home,L,0,2,Brentford,1.0,1.9,71.0,30731.0,Max Kilman,3-4-3,Simon Hooper,Match Report,,17.0,5.0,17.2,1.0,0,0,2024,WolverhamptonWanderers
365,27,2024-02-12,20:00,Premier League,Matchweek 24,Mon,Home,L,1,3,Chelsea,0.6,1.4,23.0,25110.0,Joachim Andersen,4-1-4-1,Michael Oliver,Match Report,,13.0,4.0,18.7,0.0,0,0,2024,CrystalPalace
99,36,2024-02-10,15:00,Premier League,Matchweek 24,Sat,Home,W,3,1,Burnley,2.8,1.3,70.0,59896.0,Virgil van Dijk,4-3-3,Tim Robinson,Match Report,,25.0,10.0,15.4,0.0,0,0,2024,Liverpool
175,26,2024-02-10,15:00,Premier League,Matchweek 24,Sat,Home,W,2,1,Brighton,1.6,1.2,52.0,61445.0,Cristian Romero,4-2-3-1,Samuel Barrott,Match Report,,16.0,6.0,17.1,1.0,0,0,2024,TottenhamHotspur
708,28,2024-02-17,15:00,Premier League,Matchweek 25,Sat,Home,L,0,5,Arsenal,0.3,2.3,36.0,21311.0,Josh Brownhill,4-4-2,Jarred Gillett,Match Report,,8.0,0.0,18.6,0.0,0,0,2024,Burnley
252,35,2024-02-17,15:00,Premier League,Matchweek 25,Sat,Home,D,2,2,Bournemouth,2.2,2.2,62.0,52224.0,Kieran Trippier,4-3-3,Michael Salisbury,Match Report,,16.0,4.0,19.4,0.0,1,1,2024,NewcastleUnited
480,32,2024-02-17,15:00,Premier League,Matchweek 25,Sat,Home,L,1,2,Aston Villa,1.5,1.5,52.0,24401.0,Tom Cairney,4-2-3-1,Lewis Smith,Match Report,,15.0,4.0,14.7,0.0,0,0,2024,Fulham
669,28,2024-02-18,16:30,Premier League,Matchweek 25,Sun,Home,L,1,2,Manchester Utd,1.8,2.9,58.0,11483.0,Carlton Morris,3-4-3,David Coote,Match Report,,22.0,4.0,18.6,1.0,0,0,2024,LutonTown
746,27,2024-02-18,14:00,Premier League,Matchweek 25,Sun,Home,L,0,5,Brighton,0.6,2.9,21.0,29522.0,Anel Ahmedhodžić,3-5-1-1,Stuart Attwell,Match Report,,6.0,1.0,18.7,0.0,0,0,2024,SheffieldUnited
593,27,2024-02-17,12:30,Premier League,Matchweek 25,Sat,Home,L,1,4,Liverpool,1.6,2.8,38.0,17193.0,Christian Nørgaard,3-5-2,Michael Oliver,Match Report,,15.0,6.0,19.8,3.0,0,0,2024,Brentford
176,27,2024-02-17,15:00,Premier League,Matchweek 25,Sat,Home,L,1,2,Wolves,1.6,1.8,71.0,61532.0,Son Heung-min,4-2-3-1,Anthony Taylor,Match Report,,15.0,4.0,14.3,0.0,0,0,2024,TottenhamHotspur
632,29,2024-02-17,15:00,Premier League,Matchweek 25,Sat,Home,W,2,0,West Ham,2.8,0.5,49.0,29490.0,Morgan Gibbs-White,4-2-3-1,Thomas Bramall,Match Report,,19.0,8.0,16.5,0.0,0,0,2024,NottinghamForest
556,31,2024-02-19,20:00,Premier League,Matchweek 25,Mon,Home,D,1,1,Crystal Palace,1.7,0.7,61.0,38164.0,James Tarkowski,4-4-1-1,Paul Tierney,Match Report,,19.0,4.0,16.4,1.0,0,0,2024,Everton
23,35,2024-02-17,17:30,Premier League,Matchweek 25,Sat,Home,D,1,1,Chelsea,2.6,1.4,70.0,52178.0,Kyle Walker,4-1-4-1,Andy Madley,Match Report,,31.0,5.0,15.9,1.0,0,0,2024,ManchesterCity
291,35,2024-02-24,15:00,Premier League,Matchweek 26,Sat,Home,L,1,2,Fulham,1.7,1.2,57.0,73487.0,Bruno Fernandes,4-2-3-1,Michael Oliver,Match Report,,21.0,8.0,17.3,0.0,0,0,2024,ManchesterUnited
139,37,2024-02-24,15:00,Premier League,Matchweek 26,Sat,Home,W,4,2,Nott'ham Forest,3.6,2.6,58.0,42131.0,John McGinn,4-2-3-1,Samuel Barrott,Match Report,,16.0,6.0,14.3,2.0,0,0,2024,AstonVilla
405,34,2024-02-24,15:00,Premier League,Matchweek 26,Sat,Home,D,1,1,Everton,1.4,0.3,64.0,41646.0,Lewis Dunk,4-2-3-1,Tony Harrington,Match Report,,23.0,7.0,16.3,1.0,0,0,2024,BrightonandHoveAlbion
519,30,2024-02-25,13:30,Premier League,Matchweek 26,Sun,Home,W,1,0,Sheffield Utd,1.3,0.6,63.0,30789.0,Max Kilman,3-4-3,Darren Bond,Match Report,,13.0,2.0,14.6,0.0,0,0,2024,WolverhamptonWanderers
63,36,2024-02-24,20:00,Premier League,Matchweek 26,Sat,Home,W,4,1,Newcastle Utd,2.8,0.2,55.0,60298.0,Martin Ødegaard,4-3-3,Paul Tierney,Match Report,,18.0,7.0,13.8,0.0,0,0,2024,Arsenal
223,46,2024-05-02,19:30,Premier League,Matchweek 26,Thu,Home,W,2,0,Tottenham,2.2,1.6,37.0,39086.0,Conor Gallagher,4-2-3-1,Robert Jones,Match Report,,16.0,4.0,16.1,2.0,0,0,2024,Chelsea
367,29,2024-02-24,15:00,Premier League,Matchweek 26,Sat,Home,W,3,0,Burnley,2.4,0.1,56.0,24042.0,Joel Ward,3-4-3,Lewis Smith,Match Report,,14.0,5.0,15.3,1.0,1,1,2024,CrystalPalace
329,36,2024-02-26,20:00,Premier League,Matchweek 26,Mon,Home,W,4,2,Brentford,1.7,0.9,41.0,62450.0,Kurt Zouma,4-2-3-1,Simon Hooper,Match Report,,17.0,6.0,17.7,0.0,0,0,2024,WestHamUnited
442,29,2024-02-24,17:30,Premier League,Matchweek 26,Sat,Home,L,0,1,Manchester City,0.9,1.6,38.0,11184.0,Neto,4-2-3-1,Jarred Gillett,Match Report,,13.0,4.0,17.1,0.0,0,0,2024,Bournemouth
101,38,2024-02-21,19:30,Premier League,Matchweek 26,Wed,Home,W,4,1,Luton Town,3.3,0.9,60.0,59713.0,Virgil van Dijk,4-3-3,Andy Madley,Match Report,,29.0,13.0,16.9,0.0,0,0,2024,Liverpool
634,32,2024-03-02,15:00,Premier League,Matchweek 27,Sat,Home,L,0,1,Liverpool,1.0,2.0,31.0,29603.0,Ryan Yates,4-2-3-1,Paul Tierney,Match Report,,8.0,2.0,19.3,0.0,0,0,2024,NottinghamForest
558,33,2024-03-02,15:00,Premier League,Matchweek 27,Sat,Home,L,1,3,West Ham,2.7,1.9,55.0,39262.0,James Tarkowski,4-4-1-1,Craig Pawson,Match Report,,21.0,9.0,21.8,0.0,0,1,2024,Everton
482,34,2024-03-02,15:00,Premier League,Matchweek 27,Sat,Home,W,3,0,Brighton,1.3,1.3,30.0,24460.0,Harrison Reed,4-2-3-1,Simon Hooper,Match Report,,12.0,5.0,14.6,0.0,0,0,2024,Fulham
748,29,2024-03-04,20:00,Premier League,Matchweek 27,Mon,Home,L,0,6,Arsenal,0.2,2.3,20.0,29157.0,Anel Ahmedhodžić,4-5-1,Samuel Barrott,Match Report,,4.0,0.0,21.8,0.0,0,0,2024,SheffieldUnited
671,31,2024-03-02,17:30,Premier League,Matchweek 27,Sat,Home,L,2,3,Aston Villa,1.8,1.9,46.0,11594.0,Carlton Morris,3-4-3,Michael Oliver,Match Report,,14.0,4.0,11.4,1.0,0,0,2024,LutonTown
177,28,2024-03-02,15:00,Premier League,Matchweek 27,Sat,Home,W,3,1,Crystal Palace,1.9,0.3,78.0,61339.0,Son Heung-min,4-2-3-1,John Brooks,Match Report,,14.0,6.0,13.5,0.0,0,0,2024,TottenhamHotspur
26,39,2024-03-03,15:30,Premier League,Matchweek 27,Sun,Home,W,3,1,Manchester Utd,3.3,0.2,73.0,53514.0,Kyle Walker,3-2-4-1,Andy Madley,Match Report,,27.0,8.0,17.7,1.0,0,0,2024,ManchesterCity
710,30,2024-03-03,13:00,Premier League,Matchweek 27,Sun,Home,L,0,2,Bournemouth,1.5,1.1,74.0,19713.0,Josh Cullen,4-4-2,David Coote,Match Report,,20.0,5.0,18.9,1.0,0,0,2024,Burnley
596,30,2024-03-02,15:00,Premier League,Matchweek 27,Sat,Home,D,2,2,Chelsea,1.8,1.8,33.0,17140.0,Christian Nørgaard,3-5-2,Jarred Gillett,Match Report,,14.0,5.0,14.5,0.0,0,0,2024,Brentford
254,38,2024-03-02,15:00,Premier League,Matchweek 27,Sat,Home,W,3,0,Wolves,2.1,0.8,44.0,52206.0,Kieran Trippier,4-3-3,Tim Robinson,Match Report,,14.0,6.0,16.3,1.0,0,0,2024,NewcastleUnited
407,38,2024-03-10,14:00,Premier League,Matchweek 28,Sun,Home,W,1,0,Nott'ham Forest,0.4,0.7,63.0,31505.0,Lewis Dunk,4-2-3-1,Michael Salisbury,Match Report,,10.0,3.0,17.5,0.0,0,0,2024,BrightonandHoveAlbion
103,43,2024-03-10,15:45,Premier League,Matchweek 28,Sun,Home,D,1,1,Manchester City,2.7,1.6,53.0,59947.0,Virgil van Dijk,4-3-3,Michael Oliver,Match Report,,18.0,5.0,19.0,1.0,1,1,2024,Liverpool
216,37,2024-03-11,20:00,Premier League,Matchweek 28,Mon,Home,W,3,2,Newcastle Utd,1.6,0.7,44.0,37753.0,Conor Gallagher,4-2-3-1,John Brooks,Match Report,,12.0,7.0,19.7,0.0,0,0,2024,Chelsea
65,38,2024-03-09,17:30,Premier League,Matchweek 28,Sat,Home,W,2,1,Brentford,1.3,1.0,71.0,60331.0,Martin Ødegaard,4-3-3,Robert Jones,Match Report,,17.0,5.0,16.4,0.0,0,0,2024,Arsenal
331,39,2024-03-10,14:00,Premier League,Matchweek 28,Sun,Home,D,2,2,Burnley,2.1,0.7,52.0,62441.0,Tomáš Souček,4-2-3-1,Darren England,Match Report,,22.0,4.0,14.8,0.0,0,0,2024,WestHamUnited
369,31,2024-03-09,15:00,Premier League,Matchweek 28,Sat,Home,D,1,1,Luton Town,2.7,0.8,49.0,25103.0,Joel Ward,3-4-3,Sunny Singh,Match Report,,21.0,4.0,16.5,0.0,0,0,2024,CrystalPalace
521,33,2024-03-09,15:00,Premier League,Matchweek 28,Sat,Home,W,2,1,Fulham,0.8,2.6,48.0,30860.0,Max Kilman,4-2-3-1,Tony Harrington,Match Report,,8.0,3.0,16.3,0.0,0,0,2024,WolverhamptonWanderers
293,38,2024-03-09,12:30,Premier League,Matchweek 28,Sat,Home,W,2,0,Everton,2.7,1.6,51.0,73601.0,Bruno Fernandes,4-2-4-0,Simon Hooper,Match Report,,13.0,6.0,17.6,1.0,2,2,2024,ManchesterUnited
444,32,2024-03-09,15:00,Premier League,Matchweek 28,Sat,Home,D,2,2,Sheffield Utd,3.3,1.2,69.0,11074.0,Neto,4-2-3-1,Anthony Taylor,Match Report,,31.0,11.0,16.9,0.0,0,1,2024,Bournemouth
141,40,2024-03-10,13:00,Premier League,Matchweek 28,Sun,Home,L,0,4,Tottenham,0.8,1.5,32.0,42310.0,John McGinn,5-3-2,Chris Kavanagh,Match Report,,10.0,1.0,14.1,0.0,0,0,2024,AstonVilla
674,34,2024-03-16,15:00,Premier League,Matchweek 29,Sat,Home,D,1,1,Nott'ham Forest,0.6,2.0,60.0,11630.0,Carlton Morris,3-4-3,Darren England,Match Report,,10.0,4.0,18.5,0.0,0,0,2024,LutonTown
298,45,2024-04-24,20:00,Premier League,Matchweek 29,Wed,Home,W,4,2,Sheffield Utd,2.9,0.8,71.0,73549.0,Bruno Fernandes,4-2-3-1,Michael Salisbury,Match Report,,24.0,12.0,16.9,0.0,1,1,2024,ManchesterUnited
565,40,2024-04-24,20:00,Premier League,Matchweek 29,Wed,Home,W,2,0,Liverpool,1.2,2.1,25.0,38222.0,James Tarkowski,4-4-1-1,Andy Madley,Match Report,,16.0,6.0,14.9,0.0,0,0,2024,Everton
527,40,2024-04-24,19:45,Premier League,Matchweek 29,Wed,Home,L,0,1,Bournemouth,0.5,1.9,63.0,25541.0,Max Kilman,4-1-4-1,Stuart Attwell,Match Report,,15.0,4.0,20.1,0.0,0,0,2024,WolverhamptonWanderers
375,37,2024-04-24,20:00,Premier League,Matchweek 29,Wed,Home,W,2,0,Newcastle Utd,0.9,0.4,47.0,25002.0,Joachim Andersen,3-4-3,Thomas Bramall,Match Report,,20.0,7.0,21.2,3.0,0,0,2024,CrystalPalace
412,44,2024-04-25,20:00,Premier League,Matchweek 29,Thu,Home,L,0,4,Manchester City,0.6,1.4,36.0,31596.0,Lewis Dunk,4-2-3-1,Jarred Gillett,Match Report,,7.0,3.0,16.0,0.0,0,0,2024,BrightonandHoveAlbion
71,47,2024-04-23,20:00,Premier League,Matchweek 29,Tue,Home,W,5,0,Chelsea,3.3,1.6,45.0,60238.0,Martin Ødegaard,4-3-3,Simon Hooper,Match Report,,27.0,10.0,16.3,0.0,0,0,2024,Arsenal
484,36,2024-03-16,17:30,Premier League,Matchweek 29,Sat,Home,W,3,0,Tottenham,2.6,2.4,43.0,24410.0,Bernd Leno,4-2-3-1,Robert Jones,Match Report,,16.0,7.0,12.7,0.0,0,0,2024,Fulham
332,41,2024-03-17,14:00,Premier League,Matchweek 29,Sun,Home,D,1,1,Aston Villa,2.0,0.7,31.0,62461.0,Kurt Zouma,4-2-3-1,Jarred Gillett,Match Report,,13.0,4.0,15.9,1.0,0,0,2024,WestHamUnited
712,32,2024-03-16,15:00,Premier League,Matchweek 29,Sat,Home,W,2,1,Brentford,2.8,1.1,60.0,20431.0,Josh Cullen,4-4-2,Darren Bond,Match Report,,16.0,5.0,19.2,0.0,1,1,2024,Burnley
230,2,2023-08-27,16:30,Premier League,Matchweek 3,Sun,Home,L,1,2,Liverpool,2.0,0.9,59.0,52214.0,Kieran Trippier,4-3-3,John Brooks,Match Report,,23.0,8.0,18.3,1.0,0,0,2024,NewcastleUnited
40,3,2023-08-26,15:00,Premier League,Matchweek 3,Sat,Home,D,2,2,Fulham,3.2,0.6,71.0,59961.0,Martin Ødegaard,4-3-3,Paul Tierney,Match Report,,18.0,9.0,13.8,0.0,1,1,2024,Arsenal
572,2,2023-08-26,15:00,Premier League,Matchweek 3,Sat,Home,D,1,1,Crystal Palace,1.0,0.8,60.0,16997.0,Christian Nørgaard,4-3-3,Peter Bankes,Match Report,,12.0,1.0,13.7,0.0,0,0,2024,Brentford
534,2,2023-08-26,15:00,Premier League,Matchweek 3,Sat,Home,L,0,1,Wolves,1.3,1.1,47.0,38851.0,James Tarkowski,4-1-4-1,Craig Pawson,Match Report,,15.0,7.0,13.8,0.0,0,0,2024,Everton
420,2,2023-08-26,12:30,Premier League,Matchweek 3,Sat,Home,L,0,2,Tottenham,0.7,2.1,44.0,10567.0,Neto,4-2-3-1,Tim Robinson,Match Report,,11.0,3.0,17.8,0.0,0,0,2024,Bournemouth
382,2,2023-08-26,17:30,Premier League,Matchweek 3,Sat,Home,L,1,3,West Ham,1.5,3.0,78.0,31508.0,Lewis Dunk,4-2-3-1,Anthony Taylor,Match Report,,25.0,10.0,19.5,1.0,0,0,2024,BrightonandHoveAlbion
685,1,2023-08-27,14:00,Premier League,Matchweek 3,Sun,Home,L,1,3,Aston Villa,0.7,2.5,57.0,21591.0,Josh Cullen,4-4-2,Michael Salisbury,Match Report,,9.0,2.0,17.7,0.0,0,0,2024,Burnley
724,2,2023-08-27,14:00,Premier League,Matchweek 3,Sun,Home,L,1,2,Manchester City,0.7,3.5,21.0,31336.0,John Egan,3-5-2,Jarred Gillett,Match Report,,6.0,1.0,16.1,0.0,0,0,2024,SheffieldUnited
268,2,2023-08-26,15:00,Premier League,Matchweek 3,Sat,Home,W,3,2,Nott'ham Forest,2.8,1.2,66.0,73595.0,Bruno Fernandes,4-2-3-1,Stuart Attwell,Match Report,,17.0,8.0,20.3,0.0,1,1,2024,ManchesterUnited
192,2,2023-08-25,20:00,Premier League,Matchweek 3,Fri,Home,W,3,0,Luton Town,2.2,0.4,67.0,39893.0,Ben Chilwell,3-4-3,Robert Jones,Match Report,,19.0,8.0,14.2,1.0,0,0,2024,Chelsea
637,35,2024-03-30,15:00,Premier League,Matchweek 30,Sat,Home,D,1,1,Crystal Palace,0.9,1.2,59.0,29520.0,Ryan Yates,4-2-3-1,Chris Kavanagh,Match Report,,12.0,5.0,20.5,0.0,0,0,2024,NottinghamForest
599,33,2024-03-30,20:00,Premier League,Matchweek 30,Sat,Home,D,1,1,Manchester Utd,3.2,0.6,47.0,17138.0,Ivan Toney,3-5-2,Simon Hooper,Match Report,,31.0,5.0,15.0,1.0,0,0,2024,Brentford
143,43,2024-03-30,17:30,Premier League,Matchweek 30,Sat,Home,W,2,0,Wolves,1.0,1.5,48.0,42640.0,Emiliano Martínez,4-4-2,Paul Tierney,Match Report,,11.0,5.0,14.7,0.0,0,0,2024,AstonVilla
28,43,2024-03-31,16:30,Premier League,Matchweek 30,Sun,Home,D,0,0,Arsenal,1.0,0.7,72.0,52178.0,Kevin De Bruyne,4-1-4-1,Anthony Taylor,Match Report,,12.0,1.0,14.2,0.0,0,0,2024,ManchesterCity
217,39,2024-03-30,15:00,Premier League,Matchweek 30,Sat,Home,D,2,2,Burnley,4.2,1.6,69.0,39535.0,Conor Gallagher,4-2-3-1,Darren England,Match Report,,32.0,12.0,17.8,0.0,1,1,2024,Chelsea
256,41,2024-03-30,12:30,Premier League,Matchweek 30,Sat,Home,W,4,3,West Ham,4.1,1.4,60.0,52199.0,Jamaal Lascelles,4-3-3,Robert Jones,Match Report,,22.0,7.0,17.6,0.0,2,2,2024,NewcastleUnited
446,34,2024-03-30,15:00,Premier League,Matchweek 30,Sat,Home,W,2,1,Everton,1.3,1.0,48.0,11207.0,Neto,4-2-3-1,Samuel Barrott,Match Report,,11.0,4.0,15.6,1.0,0,0,2024,Bournemouth
180,31,2024-03-30,15:00,Premier League,Matchweek 30,Sat,Home,W,2,1,Luton Town,2.9,0.5,70.0,61534.0,Son Heung-min,4-2-3-1,Jarred Gillett,Match Report,,17.0,2.0,14.5,1.0,0,0,2024,TottenhamHotspur
750,31,2024-03-30,15:00,Premier League,Matchweek 30,Sat,Home,D,3,3,Fulham,1.9,1.3,27.0,30010.0,Jack Robinson,3-5-2,Tim Robinson,Match Report,,8.0,4.0,15.7,0.0,0,0,2024,SheffieldUnited
104,46,2024-03-31,14:00,Premier League,Matchweek 30,Sun,Home,W,2,1,Brighton,2.8,0.5,55.0,60061.0,Virgil van Dijk,4-3-3,David Coote,Match Report,,30.0,8.0,16.6,0.0,0,0,2024,Liverpool
447,35,2024-04-02,19:45,Premier League,Matchweek 31,Tue,Home,W,1,0,Crystal Palace,1.1,0.2,50.0,11058.0,Neto,4-3-3,Graham Scott,Match Report,,11.0,6.0,18.7,2.0,0,0,2024,Bournemouth
714,34,2024-04-02,19:45,Premier League,Matchweek 31,Tue,Home,D,1,1,Wolves,1.3,0.9,51.0,21528.0,Josh Cullen,4-4-2,Thomas Bramall,Match Report,,13.0,6.0,18.4,0.0,0,0,2024,Burnley
67,41,2024-04-03,19:30,Premier League,Matchweek 31,Wed,Home,W,2,0,Luton Town,0.7,0.3,58.0,60262.0,Martin Ødegaard,4-3-3,Craig Pawson,Match Report,,13.0,4.0,17.8,0.0,0,0,2024,Arsenal
638,36,2024-04-02,19:30,Premier League,Matchweek 31,Tue,Home,W,3,1,Fulham,1.5,1.5,34.0,28997.0,Ryan Yates,4-2-3-1,Michael Oliver,Match Report,,16.0,4.0,18.5,0.0,0,0,2024,NottinghamForest
29,44,2024-04-03,20:15,Premier League,Matchweek 31,Wed,Home,W,4,1,Aston Villa,3.4,0.8,67.0,53422.0,Rúben Dias,4-2-3-1,Darren England,Match Report,,25.0,11.0,15.9,2.0,0,0,2024,ManchesterCity
105,47,2024-04-04,19:30,Premier League,Matchweek 31,Thu,Home,W,3,1,Sheffield Utd,1.8,0.6,82.0,60055.0,Virgil van Dijk,4-3-3,Stuart Attwell,Match Report,,29.0,9.0,18.1,1.0,0,0,2024,Liverpool
600,34,2024-04-03,19:30,Premier League,Matchweek 31,Wed,Home,D,0,0,Brighton,0.6,1.1,34.0,17024.0,Ivan Toney,3-5-2,Andy Madley,Match Report,,5.0,2.0,17.1,1.0,0,0,2024,Brentford
218,40,2024-04-04,20:15,Premier League,Matchweek 31,Thu,Home,W,4,3,Manchester Utd,3.0,1.5,57.0,39694.0,Conor Gallagher,4-2-3-1,Jarred Gillett,Match Report,,26.0,8.0,19.0,1.0,2,2,2024,Chelsea
257,42,2024-04-02,19:30,Premier League,Matchweek 31,Tue,Home,D,1,1,Everton,2.4,1.4,57.0,52135.0,Dan Burn,4-3-3,Tony Harrington,Match Report,,18.0,5.0,15.7,0.0,0,0,2024,NewcastleUnited
334,43,2024-04-02,20:15,Premier League,Matchweek 31,Tue,Home,D,1,1,Tottenham,1.5,1.0,33.0,62469.0,Kurt Zouma,4-5-1,John Brooks,Match Report,,11.0,4.0,16.6,1.0,0,0,2024,WestHamUnited
410,42,2024-04-06,17:30,Premier League,Matchweek 32,Sat,Home,L,0,3,Arsenal,0.5,3.4,54.0,31677.0,Lewis Dunk,4-2-3-1,John Brooks,Match Report,,10.0,2.0,19.2,0.0,0,0,2024,BrightonandHoveAlbion
524,37,2024-04-06,15:00,Premier League,Matchweek 32,Sat,Home,L,1,2,West Ham,1.5,1.2,58.0,31504.0,Max Kilman,3-4-3,Tony Harrington,Match Report,,13.0,6.0,25.4,1.0,1,1,2024,WolverhamptonWanderers
487,39,2024-04-06,15:00,Premier League,Matchweek 32,Sat,Home,L,0,1,Newcastle Utd,1.2,1.0,66.0,24418.0,Tom Cairney,4-2-3-1,Samuel Allison,Match Report,,14.0,4.0,17.6,0.0,0,0,2024,Fulham
145,45,2024-04-06,15:00,Premier League,Matchweek 32,Sat,Home,D,3,3,Brentford,1.5,1.5,69.0,42118.0,John McGinn,4-4-1-1,Michael Salisbury,Match Report,,11.0,3.0,12.1,1.0,0,0,2024,AstonVilla
182,33,2024-04-07,18:00,Premier League,Matchweek 32,Sun,Home,W,3,1,Nott'ham Forest,1.5,1.5,63.0,61098.0,Son Heung-min,4-2-3-1,Simon Hooper,Match Report,,17.0,7.0,20.2,1.0,0,0,2024,TottenhamHotspur
296,42,2024-04-07,15:30,Premier League,Matchweek 32,Sun,Home,D,2,2,Liverpool,0.7,3.6,38.0,73501.0,Bruno Fernandes,4-2-3-1,Anthony Taylor,Match Report,,9.0,5.0,18.1,0.0,0,0,2024,ManchesterUnited
752,33,2024-04-07,17:30,Premier League,Matchweek 32,Sun,Home,D,2,2,Chelsea,1.4,0.3,32.0,28638.0,Jack Robinson,3-5-2,Robert Jones,Match Report,,11.0,5.0,15.2,0.0,0,0,2024,SheffieldUnited
562,37,2024-04-06,15:00,Premier League,Matchweek 32,Sat,Home,W,1,0,Burnley,0.9,0.5,38.0,39125.0,Séamus Coleman,4-4-1-1,Michael Oliver,Match Report,,12.0,3.0,20.0,1.0,0,0,2024,Everton
677,37,2024-04-06,15:00,Premier League,Matchweek 32,Sat,Home,W,2,1,Bournemouth,1.5,0.4,55.0,11797.0,Carlton Morris,3-4-3,Andy Madley,Match Report,,19.0,9.0,18.2,0.0,0,0,2024,LutonTown
372,34,2024-04-06,12:30,Premier League,Matchweek 32,Sat,Home,L,2,4,Manchester City,1.1,1.9,25.0,25132.0,Joel Ward,3-4-3,Paul Tierney,Match Report,,7.0,4.0,16.8,0.0,0,0,2024,CrystalPalace
31,47,2024-04-13,15:00,Premier League,Matchweek 33,Sat,Home,W,5,1,Luton Town,4.2,0.5,73.0,52149.0,Kevin De Bruyne,4-2-3-1,John Brooks,Match Report,,36.0,12.0,16.9,0.0,1,1,2024,ManchesterCity
220,42,2024-04-15,20:00,Premier League,Matchweek 33,Mon,Home,W,6,0,Everton,3.1,1.5,58.0,39392.0,Conor Gallagher,4-2-3-1,Paul Tierney,Match Report,,13.0,9.0,18.8,0.0,1,1,2024,Chelsea
640,38,2024-04-13,15:00,Premier League,Matchweek 33,Sat,Home,D,2,2,Wolves,1.9,1.0,46.0,29604.0,Ryan Yates,4-2-3-1,Craig Pawson,Match Report,,18.0,9.0,17.0,0.0,0,0,2024,NottinghamForest
449,37,2024-04-13,17:30,Premier League,Matchweek 33,Sat,Home,D,2,2,Manchester Utd,1.6,1.2,43.0,11229.0,Neto,4-2-3-1,Tony Harrington,Match Report,,20.0,5.0,16.8,1.0,0,0,2024,Bournemouth
259,44,2024-04-13,12:30,Premier League,Matchweek 33,Sat,Home,W,4,0,Tottenham,2.8,0.8,28.0,52147.0,Dan Burn,4-3-3,Tim Robinson,Match Report,,18.0,5.0,11.1,0.0,0,0,2024,NewcastleUnited
716,36,2024-04-13,15:00,Premier League,Matchweek 33,Sat,Home,D,1,1,Brighton,1.7,0.9,44.0,20687.0,Josh Cullen,4-4-2,Simon Hooper,Match Report,,11.0,3.0,17.1,0.0,0,0,2024,Burnley
602,36,2024-04-13,15:00,Premier League,Matchweek 33,Sat,Home,W,2,0,Sheffield Utd,1.0,0.8,53.0,17115.0,Mathias Jensen,4-3-3,Samuel Barrott,Match Report,,9.0,5.0,18.7,0.0,0,0,2024,Brentford
336,46,2024-04-14,14:00,Premier League,Matchweek 33,Sun,Home,L,0,2,Fulham,0.9,3.2,58.0,62459.0,Łukasz Fabiański,4-2-3-1,Stuart Attwell,Match Report,,15.0,4.0,16.2,0.0,0,0,2024,WestHamUnited
107,50,2024-04-14,14:00,Premier League,Matchweek 33,Sun,Home,L,0,1,Crystal Palace,2.7,2.0,69.0,60090.0,Virgil van Dijk,4-3-3,Chris Kavanagh,Match Report,,21.0,5.0,12.5,1.0,0,0,2024,Liverpool
69,44,2024-04-14,16:30,Premier League,Matchweek 33,Sun,Home,L,0,2,Aston Villa,1.6,0.9,52.0,60350.0,Martin Ødegaard,4-3-3,David Coote,Match Report,,18.0,4.0,17.2,1.0,0,0,2024,Arsenal
416,48,2024-05-15,19:45,Premier League,Matchweek 34,Wed,Home,L,1,2,Chelsea,1.3,1.5,55.0,31555.0,Lewis Dunk,4-2-3-1,Michael Salisbury,Match Report,,12.0,2.0,15.3,0.0,0,0,2024,BrightonandHoveAlbion
302,49,2024-05-15,20:00,Premier League,Matchweek 34,Wed,Home,W,3,2,Newcastle Utd,1.5,2.2,45.0,73582.0,Bruno Fernandes,4-2-2-2,Robert Jones,Match Report,,17.0,8.0,15.2,0.0,0,0,2024,ManchesterUnited
188,39,2024-05-14,20:00,Premier League,Matchweek 34,Tue,Home,L,0,2,Manchester City,1.7,2.4,53.0,61065.0,Son Heung-min,4-3-1-2,Chris Kavanagh,Match Report,,10.0,5.0,15.0,0.0,0,0,2024,TottenhamHotspur
564,39,2024-04-21,13:30,Premier League,Matchweek 34,Sun,Home,W,2,0,Nott'ham Forest,0.3,0.9,41.0,39239.0,James Tarkowski,4-1-4-1,Anthony Taylor,Match Report,,7.0,4.0,18.7,0.0,0,0,2024,Everton
754,35,2024-04-20,15:00,Premier League,Matchweek 34,Sat,Home,L,1,4,Burnley,2.4,2.2,49.0,28964.0,Oliver McBurnie,4-2-3-1,Andy Madley,Match Report,,18.0,11.0,14.9,0.0,0,0,2024,SheffieldUnited
147,49,2024-04-21,15:00,Premier League,Matchweek 34,Sun,Home,W,3,1,Bournemouth,2.4,1.8,56.0,42189.0,John McGinn,4-2-3-1,Tim Robinson,Match Report,,15.0,5.0,14.8,0.0,0,0,2024,AstonVilla
374,36,2024-04-21,15:00,Premier League,Matchweek 34,Sun,Home,W,5,2,West Ham,2.4,1.3,60.0,25145.0,Joachim Andersen,3-4-3,Graham Scott,Match Report,,18.0,7.0,16.6,1.0,0,0,2024,CrystalPalace
526,39,2024-04-20,19:30,Premier League,Matchweek 34,Sat,Home,L,0,2,Arsenal,0.2,1.2,46.0,31621.0,Max Kilman,4-4-2,Paul Tierney,Match Report,,5.0,3.0,20.1,0.0,0,0,2024,WolverhamptonWanderers
679,39,2024-04-20,15:00,Premier League,Matchweek 34,Sat,Home,L,1,5,Brentford,0.6,3.1,53.0,11877.0,Carlton Morris,3-4-3,Jarred Gillett,Match Report,,6.0,3.0,17.0,0.0,0,0,2024,LutonTown
489,41,2024-04-21,16:30,Premier League,Matchweek 34,Sun,Home,L,1,3,Liverpool,0.8,1.0,40.0,24414.0,Bobby Reid,4-2-3-1,Craig Pawson,Match Report,,12.0,5.0,17.1,1.0,0,0,2024,Fulham
490,42,2024-04-27,15:00,Premier League,Matchweek 35,Sat,Home,D,1,1,Crystal Palace,1.1,1.0,53.0,24142.0,Harrison Reed,4-2-3-1,Stuart Attwell,Match Report,,9.0,2.0,14.9,0.0,0,0,2024,Fulham
642,40,2024-04-28,16:30,Premier League,Matchweek 35,Sun,Home,L,0,2,Manchester City,1.9,0.9,34.0,29677.0,Morgan Gibbs-White,5-4-1,Simon Hooper,Match Report,,14.0,2.0,15.0,1.0,0,0,2024,NottinghamForest
148,50,2024-04-27,20:00,Premier League,Matchweek 35,Sat,Home,D,2,2,Chelsea,1.1,1.6,29.0,42354.0,John McGinn,4-4-1-1,Craig Pawson,Match Report,,9.0,4.0,15.0,0.0,0,0,2024,AstonVilla
261,46,2024-04-27,15:00,Premier League,Matchweek 35,Sat,Home,W,5,1,Sheffield Utd,3.1,1.5,60.0,52196.0,Dan Burn,4-3-3,Tony Harrington,Match Report,,19.0,6.0,16.0,0.0,1,1,2024,NewcastleUnited
299,46,2024-04-27,15:00,Premier League,Matchweek 35,Sat,Home,D,1,1,Burnley,2.7,2.1,48.0,73571.0,Bruno Fernandes,4-2-3-1,John Brooks,Match Report,,27.0,10.0,18.0,0.0,0,0,2024,ManchesterUnited
452,40,2024-04-28,14:00,Premier League,Matchweek 35,Sun,Home,W,3,0,Brighton,1.9,0.9,31.0,11188.0,Adam Smith,4-4-2,Paul Tierney,Match Report,,15.0,6.0,14.4,1.0,0,0,2024,Bournemouth
566,41,2024-04-27,17:30,Premier League,Matchweek 35,Sat,Home,W,1,0,Brentford,0.8,0.9,48.0,39098.0,James Tarkowski,4-4-1-1,Darren England,Match Report,,18.0,1.0,19.1,1.0,0,0,2024,Everton
338,49,2024-04-27,12:30,Premier League,Matchweek 35,Sat,Home,D,2,2,Liverpool,0.7,1.7,29.0,62474.0,Kurt Zouma,4-2-3-1,Anthony Taylor,Match Report,,11.0,8.0,17.0,0.0,0,0,2024,WestHamUnited
528,41,2024-04-27,15:00,Premier League,Matchweek 35,Sat,Home,W,2,1,Luton Town,1.2,0.6,58.0,31531.0,Max Kilman,3-5-1-1,David Coote,Match Report,,13.0,5.0,18.8,0.0,0,0,2024,WolverhamptonWanderers
184,35,2024-04-28,14:00,Premier League,Matchweek 35,Sun,Home,L,2,3,Arsenal,2.3,1.0,62.0,61554.0,Son Heung-min,4-2-3-1,Michael Oliver,Match Report,,14.0,1.0,16.8,0.0,1,1,2024,TottenhamHotspur
414,46,2024-05-05,14:00,Premier League,Matchweek 36,Sun,Home,W,1,0,Aston Villa,2.5,0.1,52.0,31596.0,Lewis Dunk,4-2-3-1,Robert Jones,Match Report,,14.0,7.0,16.3,0.0,0,1,2024,BrightonandHoveAlbion
605,39,2024-05-04,15:00,Premier League,Matchweek 36,Sat,Home,D,0,0,Fulham,0.6,1.3,54.0,17090.0,Christian Nørgaard,4-3-3,Graham Scott,Match Report,,7.0,2.0,12.9,0.0,0,0,2024,Brentford
111,55,2024-05-05,16:30,Premier League,Matchweek 36,Sun,Home,W,4,2,Tottenham,3.3,1.2,44.0,60075.0,Virgil van Dijk,4-3-3,Paul Tierney,Match Report,,25.0,12.0,15.3,0.0,0,0,2024,Liverpool
73,49,2024-05-04,12:30,Premier League,Matchweek 36,Sat,Home,W,3,0,Bournemouth,3.3,0.5,55.0,60348.0,Martin Ødegaard,4-3-3,David Coote,Match Report,,24.0,8.0,14.0,0.0,1,1,2024,Arsenal
224,47,2024-05-05,14:00,Premier League,Matchweek 36,Sun,Home,W,5,0,West Ham,4.1,0.9,69.0,39295.0,Conor Gallagher,4-2-3-1,Andy Madley,Match Report,,25.0,14.0,15.7,1.0,0,0,2024,Chelsea
377,39,2024-05-06,20:00,Premier League,Matchweek 36,Mon,Home,W,4,0,Manchester Utd,1.7,0.4,43.0,25190.0,Joachim Andersen,3-4-3,Jarred Gillett,Match Report,,18.0,10.0,16.8,0.0,0,0,2024,CrystalPalace
757,38,2024-05-04,15:00,Premier League,Matchweek 36,Sat,Home,L,1,3,Nott'ham Forest,2.2,1.5,54.0,28516.0,Jack Robinson,3-5-2,Chris Kavanagh,Match Report,,16.0,4.0,18.0,0.0,1,1,2024,SheffieldUnited
719,39,2024-05-04,15:00,Premier League,Matchweek 36,Sat,Home,L,1,4,Newcastle Utd,1.0,3.4,47.0,21781.0,Josh Brownhill,4-2-3-1,Anthony Taylor,Match Report,,17.0,5.0,18.2,0.0,0,0,2024,Burnley
681,41,2024-05-03,20:00,Premier League,Matchweek 36,Fri,Home,D,1,1,Everton,0.8,1.4,51.0,11873.0,Carlton Morris,3-4-3,Tim Robinson,Match Report,,18.0,5.0,18.4,0.0,0,0,2024,LutonTown
34,52,2024-05-04,17:30,Premier League,Matchweek 36,Sat,Home,W,5,1,Wolves,3.7,0.3,58.0,52439.0,Kyle Walker,4-2-3-1,Craig Pawson,Match Report,,18.0,10.0,15.3,0.0,2,2,2024,ManchesterCity
150,54,2024-05-13,20:00,Premier League,Matchweek 37,Mon,Home,D,3,3,Liverpool,3.1,1.7,41.0,42241.0,John McGinn,4-2-3-1,Simon Hooper,Match Report,,19.0,5.0,15.2,0.0,0,0,2024,AstonVilla
568,43,2024-05-11,15:00,Premier League,Matchweek 37,Sat,Home,W,1,0,Sheffield Utd,2.3,0.6,58.0,39221.0,Séamus Coleman,4-4-1-1,Stuart Attwell,Match Report,,15.0,6.0,17.1,0.0,0,0,2024,Everton
644,42,2024-05-11,17:30,Premier League,Matchweek 37,Sat,Home,L,2,3,Chelsea,1.5,1.6,33.0,29708.0,Ryan Yates,5-4-1,Tony Harrington,Match Report,,20.0,4.0,17.2,0.0,0,0,2024,NottinghamForest
187,38,2024-05-11,15:00,Premier League,Matchweek 37,Sat,Home,W,2,1,Burnley,2.7,0.7,63.0,61148.0,Son Heung-min,4-3-3,Jarred Gillett,Match Report,,21.0,9.0,16.0,0.0,0,0,2024,TottenhamHotspur
263,48,2024-05-11,15:00,Premier League,Matchweek 37,Sat,Home,D,1,1,Brighton,2.2,1.4,57.0,51997.0,Dan Burn,4-3-3,Darren England,Match Report,,18.0,7.0,15.8,0.0,0,0,2024,NewcastleUnited
454,42,2024-05-11,15:00,Premier League,Matchweek 37,Sat,Home,L,1,2,Brentford,0.7,1.1,48.0,11154.0,Adam Smith,4-2-3-1,Matt Donohue,Match Report,,13.0,4.0,17.1,0.0,0,0,2024,Bournemouth
530,43,2024-05-11,15:00,Premier League,Matchweek 37,Sat,Home,L,1,3,Crystal Palace,1.6,2.6,62.0,31424.0,Max Kilman,3-5-1-1,Thomas Bramall,Match Report,,14.0,8.0,14.6,0.0,0,0,2024,WolverhamptonWanderers
492,44,2024-05-11,12:30,Premier League,Matchweek 37,Sat,Home,L,0,4,Manchester City,0.1,3.2,36.0,24418.0,Bobby Reid,4-2-3-1,Anthony Taylor,Match Report,,1.0,1.0,9.6,0.0,0,0,2024,Fulham
340,51,2024-05-11,15:00,Premier League,Matchweek 37,Sat,Home,W,3,1,Luton Town,3.2,0.3,58.0,62475.0,Kurt Zouma,4-2-3-1,Michael Oliver,Match Report,,24.0,8.0,16.5,1.0,0,0,2024,WestHamUnited
301,48,2024-05-12,16:30,Premier League,Matchweek 37,Sun,Home,L,0,1,Arsenal,0.5,1.5,54.0,73600.0,Scott McTominay,4-2-3-1,Paul Tierney,Match Report,,14.0,2.0,22.9,0.0,0,0,2024,ManchesterUnited
759,40,2024-05-19,16:00,Premier League,Matchweek 38,Sun,Home,L,0,3,Tottenham,1.0,3.1,25.0,29116.0,Jack Robinson,5-3-2,Andy Madley,Match Report,,6.0,1.0,18.0,1.0,0,0,2024,SheffieldUnited
113,57,2024-05-19,16:00,Premier League,Matchweek 38,Sun,Home,W,2,0,Wolves,4.5,0.5,67.0,60059.0,Virgil van Dijk,4-3-3,Chris Kavanagh,Match Report,,36.0,13.0,14.8,0.0,0,0,2024,Liverpool
683,43,2024-05-19,16:00,Premier League,Matchweek 38,Sun,Home,L,2,4,Fulham,2.0,1.1,41.0,12027.0,Carlton Morris,3-4-3,Matt Donohue,Match Report,,14.0,5.0,19.3,2.0,1,1,2024,LutonTown
379,41,2024-05-19,16:00,Premier League,Matchweek 38,Sun,Home,W,5,0,Aston Villa,2.5,0.9,54.0,25191.0,Marc Guéhi,3-4-3,Darren Bond,Match Report,,15.0,9.0,16.8,0.0,0,0,2024,CrystalPalace
721,41,2024-05-19,16:00,Premier League,Matchweek 38,Sun,Home,L,1,2,Nott'ham Forest,1.2,1.7,72.0,21109.0,Josh Cullen,4-4-2,Graham Scott,Match Report,,20.0,3.0,22.4,1.0,0,0,2024,Burnley
227,50,2024-05-19,16:00,Premier League,Matchweek 38,Sun,Home,W,2,1,Bournemouth,1.1,2.2,61.0,39724.0,Conor Gallagher,4-2-3-1,Anthony Taylor,Match Report,,16.0,6.0,18.2,0.0,0,0,2024,Chelsea
37,55,2024-05-19,16:00,Premier League,Matchweek 38,Sun,Home,W,3,1,West Ham,1.9,0.4,71.0,55097.0,Kyle Walker,4-1-4-1,John Brooks,Match Report,,28.0,12.0,17.9,2.0,0,0,2024,ManchesterCity
417,49,2024-05-19,16:00,Premier League,Matchweek 38,Sun,Home,L,0,2,Manchester Utd,1.7,1.3,55.0,31662.0,Adam Lallana,4-2-3-1,Craig Pawson,Match Report,,17.0,2.0,14.2,0.0,0,0,2024,BrightonandHoveAlbion
607,41,2024-05-19,16:00,Premier League,Matchweek 38,Sun,Home,L,2,4,Newcastle Utd,1.1,3.4,54.0,17124.0,Christian Nørgaard,4-3-3,Simon Hooper,Match Report,,10.0,5.0,15.9,1.0,0,0,2024,Brentford
75,51,2024-05-19,16:00,Premier League,Matchweek 38,Sun,Home,W,2,1,Everton,2.9,0.6,68.0,60312.0,Martin Ødegaard,4-3-3,Michael Oliver,Match Report,,26.0,5.0,14.1,0.0,0,0,2024,Arsenal
345,4,2023-09-03,14:00,Premier League,Matchweek 4,Sun,Home,W,3,2,Wolves,2.1,1.2,43.0,24741.0,Joel Ward,4-3-3,Robert Jones,Match Report,,16.0,10.0,13.8,1.0,0,0,2024,CrystalPalace
686,3,2023-09-02,15:00,Premier League,Matchweek 4,Sat,Home,L,2,5,Tottenham,1.3,2.2,47.0,21750.0,Josh Cullen,4-4-2,Darren England,Match Report,,16.0,4.0,17.9,1.0,0,0,2024,Burnley
193,4,2023-09-02,15:00,Premier League,Matchweek 4,Sat,Home,L,0,1,Nott'ham Forest,2.3,0.8,75.0,39820.0,Ben Chilwell,3-4-3,Tim Robinson,Match Report,,21.0,2.0,17.7,2.0,0,0,2024,Chelsea
41,4,2023-09-03,16:30,Premier League,Matchweek 4,Sun,Home,W,3,1,Manchester Utd,2.3,0.9,55.0,60192.0,Martin Ødegaard,4-3-3,Anthony Taylor,Match Report,,17.0,5.0,15.0,0.0,0,0,2024,Arsenal
3,5,2023-09-02,15:00,Premier League,Matchweek 4,Sat,Home,W,5,1,Fulham,2.2,1.4,68.0,52899.0,Kyle Walker,4-2-3-1,Michael Oliver,Match Report,,6.0,4.0,14.8,0.0,1,1,2024,ManchesterCity
383,3,2023-09-02,17:30,Premier League,Matchweek 4,Sat,Home,W,3,1,Newcastle Utd,1.3,1.2,56.0,31620.0,Lewis Dunk,4-2-3-1,Stuart Attwell,Match Report,,15.0,6.0,17.3,0.0,0,0,2024,BrightonandHoveAlbion
725,4,2023-09-02,12:30,Premier League,Matchweek 4,Sat,Home,D,2,2,Everton,1.2,2.5,46.0,31124.0,John Egan,3-5-2,Andy Madley,Match Report,,13.0,7.0,14.1,0.0,0,0,2024,SheffieldUnited
573,4,2023-09-02,15:00,Premier League,Matchweek 4,Sat,Home,D,2,2,Bournemouth,2.9,2.1,60.0,16973.0,Christian Nørgaard,4-3-3,Robert Madley,Match Report,,21.0,7.0,14.7,1.0,0,0,2024,Brentford
648,3,2023-09-01,20:00,Premier League,Matchweek 4,Fri,Home,L,1,2,West Ham,1.4,1.0,39.0,10802.0,Carlton Morris,5-3-2,Paul Tierney,Match Report,,16.0,1.0,11.9,0.0,0,0,2024,LutonTown
79,3,2023-09-03,14:00,Premier League,Matchweek 4,Sun,Home,W,3,0,Aston Villa,2.5,0.7,63.0,50109.0,Trent Alexander-Arnold,4-3-3,Simon Hooper,Match Report,,17.0,4.0,14.7,0.0,0,0,2024,Liverpool
270,4,2023-09-16,15:00,Premier League,Matchweek 5,Sat,Home,L,1,3,Brighton,1.0,1.7,44.0,73592.0,Bruno Fernandes,4-1-2-1-2◆,Jarred Gillett,Match Report,,14.0,4.0,18.6,1.0,0,0,2024,ManchesterUnited
308,4,2023-09-16,15:00,Premier League,Matchweek 5,Sat,Home,L,1,3,Manchester City,0.9,3.6,32.0,62475.0,Kurt Zouma,4-2-3-1,Andy Madley,Match Report,,6.0,3.0,12.1,0.0,0,0,2024,WestHamUnited
156,5,2023-09-16,15:00,Premier League,Matchweek 5,Sat,Home,W,2,1,Sheffield Utd,2.1,0.7,70.0,61706.0,Son Heung-min,4-2-3-1,Peter Bankes,Match Report,,28.0,10.0,16.4,0.0,0,0,2024,TottenhamHotspur
232,4,2023-09-16,17:30,Premier League,Matchweek 5,Sat,Home,W,1,0,Brentford,1.4,0.5,56.0,51670.0,Kieran Trippier,4-3-3,Craig Pawson,Match Report,,8.0,1.0,20.2,0.0,1,1,2024,NewcastleUnited
118,6,2023-09-16,15:00,Premier League,Matchweek 5,Sat,Home,W,3,1,Crystal Palace,3.0,1.2,66.0,40809.0,John McGinn,4-2-3-1,Darren England,Match Report,,15.0,4.0,16.2,0.0,1,1,2024,AstonVilla
422,5,2023-09-17,14:00,Premier League,Matchweek 5,Sun,Home,D,0,0,Chelsea,1.0,1.8,36.0,10421.0,Neto,4-2-3-1,David Coote,Match Report,,13.0,4.0,16.7,1.0,0,0,2024,Bournemouth
498,5,2023-09-16,12:30,Premier League,Matchweek 5,Sat,Home,L,1,3,Liverpool,0.6,2.5,35.0,31257.0,Max Kilman,4-2-3-1,Michael Oliver,Match Report,,11.0,2.0,18.7,0.0,0,0,2024,WolverhamptonWanderers
536,5,2023-09-17,16:30,Premier League,Matchweek 5,Sun,Home,L,0,1,Arsenal,0.3,1.0,26.0,39217.0,James Tarkowski,4-5-1,Simon Hooper,Match Report,,8.0,1.0,21.6,0.0,0,0,2024,Everton
612,5,2023-09-18,19:45,Premier League,Matchweek 5,Mon,Home,D,1,1,Burnley,0.7,0.5,46.0,28958.0,Joe Worrall,4-2-3-1,Robert Jones,Match Report,,14.0,4.0,18.8,0.0,0,0,2024,NottinghamForest
460,5,2023-09-16,15:00,Premier League,Matchweek 5,Sat,Home,W,1,0,Luton Town,1.0,1.1,77.0,24467.0,Tim Ream,4-3-3,Michael Salisbury,Match Report,,13.0,2.0,19.5,2.0,0,0,2024,Fulham
347,6,2023-09-23,15:00,Premier League,Matchweek 6,Sat,Home,D,0,0,Fulham,0.3,0.6,51.0,25072.0,Joel Ward,4-2-3-1,Paul Tierney,Match Report,,7.0,3.0,18.9,1.0,0,0,2024,CrystalPalace
43,7,2023-09-24,14:00,Premier League,Matchweek 6,Sun,Home,D,2,2,Tottenham,1.8,1.4,47.0,60156.0,Martin Ødegaard,4-3-3,Robert Jones,Match Report,,12.0,4.0,16.9,0.0,1,1,2024,Arsenal
650,5,2023-09-23,15:00,Premier League,Matchweek 6,Sat,Home,D,1,1,Wolves,2.1,0.6,57.0,10893.0,Tom Lockyer,3-4-3,Joshua Smith,Match Report,,19.0,3.0,17.3,0.0,1,1,2024,LutonTown
81,6,2023-09-24,14:00,Premier League,Matchweek 6,Sun,Home,W,3,1,West Ham,3.0,1.1,63.0,50136.0,Virgil van Dijk,4-3-3,Chris Kavanagh,Match Report,,21.0,6.0,19.3,2.0,1,1,2024,Liverpool
5,8,2023-09-23,15:00,Premier League,Matchweek 6,Sat,Home,W,2,0,Nott'ham Forest,1.3,1.0,57.0,53413.0,Kyle Walker,4-2-3-1,Anthony Taylor,Match Report,,7.0,4.0,17.2,2.0,0,0,2024,ManchesterCity
688,5,2023-09-23,20:00,Premier League,Matchweek 6,Sat,Home,L,0,1,Manchester Utd,1.1,1.0,61.0,21593.0,Josh Brownhill,4-3-3,Tony Harrington,Match Report,,12.0,4.0,15.6,0.0,0,0,2024,Burnley
575,6,2023-09-23,17:30,Premier League,Matchweek 6,Sat,Home,L,1,3,Everton,1.0,1.9,57.0,16981.0,Christian Nørgaard,4-3-3,Michael Oliver,Match Report,,12.0,2.0,13.9,1.0,0,0,2024,Brentford
195,6,2023-09-24,14:00,Premier League,Matchweek 6,Sun,Home,L,0,1,Aston Villa,1.3,1.0,53.0,39700.0,Conor Gallagher,4-2-3-1,Jarred Gillett,Match Report,,10.0,4.0,17.8,0.0,0,0,2024,Chelsea
385,6,2023-09-24,14:00,Premier League,Matchweek 6,Sun,Home,W,3,1,Bournemouth,1.9,1.1,61.0,31617.0,Lewis Dunk,4-2-3-1,John Brooks,Match Report,,13.0,4.0,17.1,0.0,0,0,2024,BrightonandHoveAlbion
727,6,2023-09-24,16:30,Premier League,Matchweek 6,Sun,Home,L,0,8,Newcastle Utd,0.9,3.9,42.0,31127.0,John Egan,3-4-3,Stuart Attwell,Match Report,,9.0,1.0,13.7,0.0,0,0,2024,SheffieldUnited
120,10,2023-09-30,12:30,Premier League,Matchweek 7,Sat,Home,W,6,1,Brighton,1.6,1.7,39.0,40636.0,John McGinn,4-2-3-1,Andy Madley,Match Report,,19.0,9.0,17.9,1.0,0,0,2024,AstonVilla
462,8,2023-10-02,20:00,Premier League,Matchweek 7,Mon,Home,L,0,2,Chelsea,1.1,1.7,56.0,24445.0,Tim Ream,4-3-3,Tim Robinson,Match Report,,10.0,3.0,13.2,0.0,0,0,2024,Fulham
614,7,2023-10-01,14:00,Premier League,Matchweek 7,Sun,Home,D,1,1,Brentford,0.5,1.6,41.0,29004.0,Serge Aurier,4-3-3,Paul Tierney,Match Report,,6.0,1.0,15.4,0.0,0,0,2024,NottinghamForest
272,8,2023-09-30,15:00,Premier League,Matchweek 7,Sat,Home,L,0,1,Crystal Palace,1.3,0.9,77.0,73428.0,Bruno Fernandes,4-2-3-1,Chris Kavanagh,Match Report,,19.0,3.0,15.5,0.0,0,0,2024,ManchesterUnited
158,7,2023-09-30,17:30,Premier League,Matchweek 7,Sat,Home,W,2,1,Liverpool,2.2,1.3,64.0,62001.0,Son Heung-min,4-2-3-1,Simon Hooper,Match Report,,24.0,8.0,19.8,0.0,0,0,2024,TottenhamHotspur
500,8,2023-09-30,15:00,Premier League,Matchweek 7,Sat,Home,W,2,1,Manchester City,0.4,0.9,32.0,31415.0,Max Kilman,3-4-3,Craig Pawson,Match Report,,3.0,1.0,11.4,0.0,0,0,2024,WolverhamptonWanderers
234,8,2023-09-30,15:00,Premier League,Matchweek 7,Sat,Home,W,2,0,Burnley,3.1,0.6,53.0,51687.0,Jamaal Lascelles,4-3-3,Thomas Bramall,Match Report,,19.0,6.0,15.8,0.0,1,1,2024,NewcastleUnited
424,8,2023-09-30,15:00,Premier League,Matchweek 7,Sat,Home,L,0,4,Arsenal,0.6,3.4,43.0,11193.0,Neto,4-2-3-1,Michael Salisbury,Match Report,,8.0,1.0,14.1,0.0,0,0,2024,Bournemouth
538,8,2023-09-30,15:00,Premier League,Matchweek 7,Sat,Home,L,1,2,Luton Town,2.9,0.9,67.0,39289.0,James Tarkowski,4-4-1-1,Anthony Taylor,Match Report,,23.0,4.0,14.4,0.0,0,0,2024,Everton
310,8,2023-09-30,15:00,Premier League,Matchweek 7,Sat,Home,W,2,0,Sheffield Utd,2.1,1.1,52.0,62459.0,Kurt Zouma,4-2-3-1,Graham Scott,Match Report,,20.0,8.0,12.6,1.0,0,0,2024,WestHamUnited
653,9,2023-10-07,12:30,Premier League,Matchweek 8,Sat,Home,L,0,1,Tottenham,0.8,1.9,34.0,10290.0,Tom Lockyer,4-4-2,John Brooks,Match Report,,12.0,2.0,16.3,0.0,0,0,2024,LutonTown
691,9,2023-10-07,15:00,Premier League,Matchweek 8,Sat,Home,L,1,4,Chelsea,0.7,1.9,38.0,21654.0,Josh Brownhill,4-3-3,Stuart Attwell,Match Report,,10.0,3.0,18.2,1.0,0,0,2024,Burnley
501,9,2023-10-08,14:00,Premier League,Matchweek 8,Sun,Home,D,1,1,Aston Villa,1.7,1.6,47.0,31425.0,Max Kilman,3-4-3,Robert Jones,Match Report,,8.0,3.0,16.0,0.0,0,0,2024,WolverhamptonWanderers
349,9,2023-10-07,17:30,Premier League,Matchweek 8,Sat,Home,D,0,0,Nott'ham Forest,0.8,1.0,52.0,25017.0,Marc Guéhi,4-3-3,Craig Pawson,Match Report,,8.0,2.0,15.2,0.0,0,0,2024,CrystalPalace
463,9,2023-10-07,15:00,Premier League,Matchweek 8,Sat,Home,W,3,1,Sheffield Utd,2.2,0.6,60.0,24361.0,Tim Ream,4-3-3,Samuel Barrott,Match Report,,20.0,6.0,20.2,0.0,0,0,2024,Fulham
311,10,2023-10-08,14:00,Premier League,Matchweek 8,Sun,Home,D,2,2,Newcastle Utd,1.2,2.0,36.0,62473.0,Kurt Zouma,4-2-3-1,Peter Bankes,Match Report,,5.0,3.0,14.9,1.0,0,0,2024,WestHamUnited
539,9,2023-10-07,15:00,Premier League,Matchweek 8,Sat,Home,W,3,0,Bournemouth,2.4,0.7,48.0,38815.0,James Tarkowski,4-4-1-1,David Coote,Match Report,,25.0,8.0,15.8,0.0,0,0,2024,Everton
387,10,2023-10-08,14:00,Premier League,Matchweek 8,Sun,Home,D,2,2,Liverpool,2.3,2.3,46.0,31752.0,Lewis Dunk,4-2-3-1,Anthony Taylor,Match Report,,14.0,3.0,16.9,2.0,0,0,2024,BrightonandHoveAlbion
45,11,2023-10-08,16:30,Premier League,Matchweek 8,Sun,Home,W,1,0,Manchester City,0.4,0.5,49.0,60233.0,Martin Ødegaard,4-3-3,Michael Oliver,Match Report,,12.0,2.0,19.2,0.0,0,0,2024,Arsenal
273,10,2023-10-07,15:00,Premier League,Matchweek 8,Sat,Home,W,2,1,Brentford,1.4,0.9,64.0,73453.0,Bruno Fernandes,4-2-3-1,Andy Madley,Match Report,,21.0,8.0,18.3,1.0,0,0,2024,ManchesterUnited
198,10,2023-10-21,17:30,Premier League,Matchweek 9,Sat,Home,D,2,2,Arsenal,1.3,1.0,44.0,39723.0,Conor Gallagher,4-2-3-1,Chris Kavanagh,Match Report,,10.0,4.0,20.4,0.0,1,1,2024,Chelsea
84,11,2023-10-21,12:30,Premier League,Matchweek 9,Sat,Home,W,2,0,Everton,2.2,0.1,77.0,50201.0,Virgil van Dijk,4-3-3,Craig Pawson,Match Report,,25.0,5.0,22.4,1.0,1,1,2024,Liverpool
8,13,2023-10-21,15:00,Premier League,Matchweek 9,Sat,Home,W,2,1,Brighton,0.8,0.8,55.0,53466.0,Kyle Walker,3-2-4-1,Robert Jones,Match Report,,10.0,5.0,18.8,1.0,0,0,2024,ManchesterCity
578,10,2023-10-21,15:00,Premier League,Matchweek 9,Sat,Home,W,3,0,Burnley,3.1,1.1,50.0,17029.0,Christian Nørgaard,4-3-3,Joshua Smith,Match Report,,23.0,9.0,15.0,1.0,0,0,2024,Brentford
236,11,2023-10-21,15:00,Premier League,Matchweek 9,Sat,Home,W,4,0,Crystal Palace,2.4,1.2,59.0,52189.0,Jamaal Lascelles,4-3-3,Tim Robinson,Match Report,,10.0,7.0,10.2,0.0,0,0,2024,NewcastleUnited
730,9,2023-10-21,20:00,Premier League,Matchweek 9,Sat,Home,L,1,2,Manchester Utd,1.4,1.1,38.0,31543.0,Oliver Norwood,4-4-2,Michael Oliver,Match Report,,11.0,5.0,25.8,0.0,1,1,2024,SheffieldUnited
122,13,2023-10-22,16:30,Premier League,Matchweek 9,Sun,Home,W,4,1,West Ham,1.9,1.1,58.0,41734.0,John McGinn,4-4-2,David Coote,Match Report,,14.0,6.0,19.6,0.0,1,1,2024,AstonVilla
616,9,2023-10-21,15:00,Premier League,Matchweek 9,Sat,Home,D,2,2,Luton Town,2.9,1.7,57.0,29361.0,Serge Aurier,4-3-3,Samuel Barrott,Match Report,,19.0,8.0,11.1,0.0,0,0,2024,NottinghamForest
160,9,2023-10-23,20:00,Premier League,Matchweek 9,Mon,Home,W,2,0,Fulham,1.5,1.0,55.0,61286.0,Son Heung-min,4-2-3-1,Anthony Taylor,Match Report,,15.0,5.0,17.2,0.0,0,0,2024,TottenhamHotspur
426,10,2023-10-21,15:00,Premier League,Matchweek 9,Sat,Home,L,1,2,Wolves,0.6,2.4,35.0,11175.0,Neto,4-2-3-1,Paul Tierney,Match Report,,7.0,4.0,17.1,0.0,0,0,2024,Bournemouth
